File_Name,Category
8121.jpg,0
15486.jpg,0
8132.jpg,0
16297.jpg,1
20838.jpg,1
5770.jpg,0
17123.jpg,1
2484.jpg,0
9528.jpg,0
11665.jpg,1
2734.jpg,0
10515.jpg,0
15976.jpg,1
1977.jpg,0
17756.jpg,0
11286.jpg,0
17021.jpg,1
9425.jpg,1
6028.jpg,1
2784.jpg,1
14837.jpg,0
11987.jpg,1
13285.jpg,1
2419.jpg,0
18142.jpg,1
15870.jpg,1
5349.jpg,0
15025.jpg,1
6363.jpg,0
12855.jpg,0
16997.jpg,0
6839.jpg,0
4147.jpg,0
11759.jpg,0
8676.jpg,1
14581.jpg,1
4306.jpg,1
11144.jpg,1
8229.jpg,1
19898.jpg,1
14895.jpg,1
11701.jpg,1
6256.jpg,0
12293.jpg,1
2251.jpg,0
17833.jpg,1
8987.jpg,1
3275.jpg,0
8808.jpg,0
15401.jpg,0
5927.jpg,0
19943.jpg,1
19531.jpg,1
11400.jpg,1
9180.jpg,0
14600.jpg,1
12455.jpg,1
13260.jpg,1
7209.jpg,0
8838.jpg,0
12292.jpg,1
6185.jpg,1
15844.jpg,1
16418.jpg,0
8214.jpg,1
18586.jpg,0
11045.jpg,0
16954.jpg,1
10042.jpg,1
1712.jpg,1
19224.jpg,1
5259.jpg,0
18085.jpg,0
16382.jpg,0
5359.jpg,0
3770.jpg,1
13061.jpg,1
16876.jpg,0
6282.jpg,0
3961.jpg,1
18136.jpg,0
18839.jpg,1
17045.jpg,0
16412.jpg,1
7696.jpg,0
13118.jpg,0
10149.jpg,1
10926.jpg,0
12352.jpg,1
13524.jpg,1
13210.jpg,0
8302.jpg,1
17816.jpg,0
20198.jpg,1
20383.jpg,1
17735.jpg,0
19439.jpg,1
9803.jpg,1
13008.jpg,1
5666.jpg,0
6801.jpg,1
7040.jpg,1
4930.jpg,1
11439.jpg,1
11569.jpg,0
9166.jpg,0
10056.jpg,1
17988.jpg,0
20116.jpg,0
12612.jpg,0
17907.jpg,1
10740.jpg,0
9319.jpg,0
16200.jpg,1
5797.jpg,0
16479.jpg,1
4997.jpg,1
13236.jpg,1
10661.jpg,1
9043.jpg,1
17822.jpg,0
5004.jpg,1
7203.jpg,1
9496.jpg,1
14116.jpg,1
3868.jpg,0
10755.jpg,1
16777.jpg,1
10327.jpg,1
14169.jpg,0
17417.jpg,0
12740.jpg,1
14622.jpg,0
9887.jpg,1
18449.jpg,1
1811.jpg,0
17179.jpg,1
11102.jpg,0
11060.jpg,0
15023.jpg,0
6277.jpg,1
19534.jpg,1
5831.jpg,1
2845.jpg,1
1372.jpg,1
18564.jpg,1
10007.jpg,1
15794.jpg,0
11649.jpg,1
15739.jpg,1
12183.jpg,1
10983.jpg,1
14340.jpg,1
21622.jpg,0
13722.jpg,0
12975.jpg,0
8608.jpg,1
10530.jpg,1
9930.jpg,0
5155.jpg,0
17460.jpg,1
14459.jpg,1
12031.jpg,0
3440.jpg,1
9777.jpg,1
13964.jpg,0
10474.jpg,0
10191.jpg,0
15608.jpg,1
7943.jpg,1
10760.jpg,0
15630.jpg,0
14753.jpg,1
4690.jpg,1
9234.jpg,1
16907.jpg,0
9824.jpg,0
12176.jpg,1
20626.jpg,1
18582.jpg,1
2891.jpg,0
6933.jpg,0
2810.jpg,1
5241.jpg,0
7601.jpg,1
15301.jpg,0
5718.jpg,1
16463.jpg,1
13715.jpg,0
7212.jpg,1
9122.jpg,1
5706.jpg,0
20793.jpg,1
12099.jpg,0
8967.jpg,0
11936.jpg,0
16970.jpg,0
3951.jpg,0
6588.jpg,1
6211.jpg,0
13009.jpg,0
11494.jpg,1
20107.jpg,1
8431.jpg,1
18491.jpg,1
7676.jpg,0
9613.jpg,1
5625.jpg,0
8862.jpg,0
3559.jpg,0
9817.jpg,0
16618.jpg,0
14804.jpg,1
9618.jpg,1
12246.jpg,1
17972.jpg,1
12497.jpg,0
16829.jpg,0
10060.jpg,1
5982.jpg,1
17248.jpg,0
5852.jpg,1
11459.jpg,0
5207.jpg,1
16885.jpg,0
6722.jpg,1
13644.jpg,0
12518.jpg,0
13396.jpg,0
13574.jpg,1
7109.jpg,0
13092.jpg,1
12316.jpg,1
8185.jpg,1
20839.jpg,1
5715.jpg,1
8465.jpg,0
3850.jpg,1
6928.jpg,1
21361.jpg,0
11614.jpg,0
6824.jpg,0
13370.jpg,0
14863.jpg,1
14854.jpg,0
9742.jpg,1
7648.jpg,0
2261.jpg,0
16325.jpg,1
1092.jpg,0
8713.jpg,0
7652.jpg,1
12214.jpg,1
9934.jpg,0
10231.jpg,0
11646.jpg,0
8596.jpg,0
11178.jpg,1
9288.jpg,0
11636.jpg,0
18066.jpg,0
14832.jpg,0
16060.jpg,0
11869.jpg,1
13495.jpg,0
12860.jpg,0
5053.jpg,1
7102.jpg,1
9908.jpg,0
8078.jpg,0
18166.jpg,1
14196.jpg,1
5970.jpg,1
17657.jpg,0
7985.jpg,0
5092.jpg,1
17583.jpg,1
7490.jpg,0
12139.jpg,0
17840.jpg,0
7866.jpg,1
5728.jpg,0
17837.jpg,1
9571.jpg,1
16832.jpg,0
12904.jpg,0
14160.jpg,0
19590.jpg,1
3008.jpg,0
12261.jpg,0
963.jpg,0
10691.jpg,0
5878.jpg,1
10792.jpg,0
11239.jpg,0
12049.jpg,0
5815.jpg,1
13448.jpg,0
9353.jpg,1
11572.jpg,0
7324.jpg,1
12090.jpg,0
11080.jpg,1
11944.jpg,1
4194.jpg,0
6418.jpg,1
13174.jpg,1
4337.jpg,1
11159.jpg,1
9326.jpg,0
19783.jpg,0
1382.jpg,1
12166.jpg,0
13219.jpg,1
10958.jpg,0
2211.jpg,0
17010.jpg,1
11207.jpg,1
14660.jpg,0
10578.jpg,1
8867.jpg,0
15746.jpg,0
7516.jpg,1
14284.jpg,1
21239.jpg,0
5989.jpg,0
18405.jpg,1
12355.jpg,0
12174.jpg,0
1479.jpg,1
17622.jpg,1
18210.jpg,0
2470.jpg,1
15164.jpg,1
10478.jpg,0
8225.jpg,1
9600.jpg,0
15991.jpg,0
2380.jpg,1
18236.jpg,0
9494.jpg,0
15305.jpg,1
4771.jpg,1
13635.jpg,0
19120.jpg,0
15727.jpg,0
16792.jpg,0
15530.jpg,1
19142.jpg,0
19976.jpg,1
15325.jpg,1
8092.jpg,0
19078.jpg,1
7176.jpg,0
9744.jpg,0
12934.jpg,1
8768.jpg,1
6991.jpg,1
5545.jpg,1
12779.jpg,1
8610.jpg,0
13725.jpg,1
12452.jpg,1
10190.jpg,0
7256.jpg,0
8818.jpg,1
15917.jpg,0
10491.jpg,1
16837.jpg,0
14949.jpg,0
15952.jpg,0
16883.jpg,0
5424.jpg,1
10503.jpg,1
18500.jpg,1
14428.jpg,1
5685.jpg,0
9850.jpg,1
15919.jpg,0
15778.jpg,0
10775.jpg,0
4647.jpg,0
10688.jpg,0
11367.jpg,1
5976.jpg,0
11977.jpg,1
5013.jpg,0
4274.jpg,0
5902.jpg,1
17008.jpg,1
14401.jpg,0
12310.jpg,1
15868.jpg,1
11897.jpg,0
7506.jpg,0
16968.jpg,1
4509.jpg,1
17228.jpg,0
10102.jpg,1
5889.jpg,1
4419.jpg,0
2297.jpg,0
9021.jpg,1
8220.jpg,1
15724.jpg,1
20229.jpg,1
16826.jpg,1
11501.jpg,1
12921.jpg,1
12151.jpg,0
4317.jpg,1
6095.jpg,0
13636.jpg,0
16019.jpg,0
18195.jpg,0
9548.jpg,1
3576.jpg,1
16390.jpg,1
7941.jpg,0
11062.jpg,1
14797.jpg,1
11526.jpg,1
5300.jpg,1
15932.jpg,1
18508.jpg,1
4197.jpg,1
8622.jpg,1
3902.jpg,0
17857.jpg,1
6448.jpg,1
14383.jpg,1
6301.jpg,0
13345.jpg,0
5221.jpg,1
6926.jpg,1
15432.jpg,1
9699.jpg,0
13307.jpg,0
10449.jpg,1
10686.jpg,1
12185.jpg,0
5700.jpg,0
10094.jpg,0
11794.jpg,0
10170.jpg,1
10568.jpg,1
13199.jpg,1
10769.jpg,0
9704.jpg,0
5080.jpg,0
16090.jpg,1
14463.jpg,0
10197.jpg,0
2395.jpg,1
10311.jpg,1
19681.jpg,0
11447.jpg,1
10734.jpg,0
18246.jpg,1
13409.jpg,1
9367.jpg,0
16454.jpg,0
5089.jpg,1
6626.jpg,1
13713.jpg,1
14580.jpg,1
3631.jpg,1
8172.jpg,0
13982.jpg,1
14115.jpg,1
11691.jpg,1
8365.jpg,1
7217.jpg,0
3112.jpg,1
4393.jpg,1
16712.jpg,1
9555.jpg,0
15803.jpg,0
16143.jpg,1
16097.jpg,0
7265.jpg,0
14554.jpg,0
16078.jpg,0
16028.jpg,1
8382.jpg,0
18628.jpg,1
15559.jpg,0
7789.jpg,0
4380.jpg,1
8660.jpg,0
18103.jpg,0
13515.jpg,0
1893.jpg,1
15054.jpg,1
18117.jpg,1
10294.jpg,0
5919.jpg,0
7381.jpg,1
9327.jpg,1
10737.jpg,1
4424.jpg,1
7524.jpg,0
8312.jpg,1
11377.jpg,0
20840.jpg,0
6854.jpg,0
19613.jpg,1
9269.jpg,1
2861.jpg,1
21367.jpg,1
11619.jpg,0
4058.jpg,1
13264.jpg,0
17089.jpg,1
2817.jpg,0
5182.jpg,0
3301.jpg,0
4153.jpg,1
12240.jpg,1
16275.jpg,1
6847.jpg,1
5322.jpg,0
5236.jpg,1
8565.jpg,1
13397.jpg,0
7071.jpg,1
613.jpg,0
16292.jpg,0
5149.jpg,0
9771.jpg,0
16973.jpg,1
9666.jpg,1
16989.jpg,0
6279.jpg,0
2238.jpg,1
9177.jpg,0
5026.jpg,1
11255.jpg,1
7219.jpg,0
20235.jpg,1
7480.jpg,0
11992.jpg,0
10428.jpg,1
8820.jpg,1
10378.jpg,1
14780.jpg,1
2750.jpg,1
14593.jpg,1
7569.jpg,1
4808.jpg,1
12693.jpg,0
11877.jpg,0
14553.jpg,1
9584.jpg,0
12285.jpg,0
12467.jpg,0
9225.jpg,1
7411.jpg,1
1644.jpg,1
10554.jpg,0
19692.jpg,1
16312.jpg,1
11347.jpg,0
7391.jpg,0
10801.jpg,0
13051.jpg,1
16250.jpg,1
6844.jpg,1
16206.jpg,0
6460.jpg,0
11010.jpg,0
13800.jpg,0
13228.jpg,0
6058.jpg,1
14904.jpg,1
12722.jpg,1
7777.jpg,0
5664.jpg,0
7412.jpg,0
10303.jpg,0
21047.jpg,0
11851.jpg,1
12507.jpg,0
19057.jpg,1
3473.jpg,0
7584.jpg,0
6843.jpg,1
17781.jpg,0
8807.jpg,1
12304.jpg,0
12997.jpg,0
7906.jpg,0
12384.jpg,1
4567.jpg,0
15632.jpg,0
7236.jpg,0
5480.jpg,1
16462.jpg,1
12898.jpg,0
14298.jpg,1
13948.jpg,0
15201.jpg,0
16030.jpg,0
9125.jpg,0
20743.jpg,1
7912.jpg,0
1527.jpg,1
3229.jpg,0
2011.jpg,0
18463.jpg,0
13580.jpg,0
8914.jpg,1
15173.jpg,0
14817.jpg,0
4109.jpg,0
19312.jpg,1
15983.jpg,1
4984.jpg,1
4697.jpg,0
17033.jpg,1
6615.jpg,0
4167.jpg,0
14381.jpg,0
17516.jpg,1
14678.jpg,0
5194.jpg,0
4409.jpg,0
4207.jpg,1
8486.jpg,0
11669.jpg,1
3647.jpg,0
4492.jpg,1
12784.jpg,0
15085.jpg,0
15494.jpg,1
8320.jpg,0
13764.jpg,0
6225.jpg,1
6664.jpg,1
6243.jpg,0
9139.jpg,1
16739.jpg,0
14183.jpg,1
12432.jpg,0
11952.jpg,0
9525.jpg,1
14546.jpg,0
5686.jpg,0
19699.jpg,0
21615.jpg,1
19136.jpg,0
15620.jpg,1
9329.jpg,0
6683.jpg,0
15281.jpg,0
5699.jpg,1
17629.jpg,0
19345.jpg,0
16026.jpg,0
20430.jpg,1
6641.jpg,1
19820.jpg,1
16360.jpg,1
5066.jpg,1
11782.jpg,0
17712.jpg,0
4254.jpg,0
15818.jpg,1
11380.jpg,0
14492.jpg,1
7078.jpg,0
10114.jpg,0
16899.jpg,0
20553.jpg,0
17477.jpg,0
5684.jpg,1
2972.jpg,1
7781.jpg,1
12782.jpg,0
17247.jpg,0
12237.jpg,0
1867.jpg,0
15088.jpg,1
15257.jpg,0
5443.jpg,0
4411.jpg,0
13303.jpg,1
6545.jpg,1
7328.jpg,1
8043.jpg,1
11341.jpg,1
1190.jpg,1
12267.jpg,0
10600.jpg,1
21321.jpg,1
18137.jpg,0
13433.jpg,1
17258.jpg,1
7838.jpg,0
12234.jpg,1
18756.jpg,0
6892.jpg,1
11448.jpg,1
3188.jpg,1
14640.jpg,1
11343.jpg,1
8162.jpg,0
7368.jpg,1
13126.jpg,1
3661.jpg,1
12416.jpg,1
7069.jpg,1
13040.jpg,0
18569.jpg,0
8358.jpg,1
2031.jpg,1
6068.jpg,0
5318.jpg,0
5302.jpg,0
10172.jpg,0
5656.jpg,1
18464.jpg,1
9453.jpg,0
14387.jpg,1
7780.jpg,0
15090.jpg,0
14876.jpg,0
17508.jpg,0
8326.jpg,1
5180.jpg,1
11557.jpg,1
16024.jpg,1
11519.jpg,0
9294.jpg,1
16510.jpg,0
8585.jpg,0
19822.jpg,0
3065.jpg,0
5486.jpg,1
12977.jpg,1
19890.jpg,1
15604.jpg,1
9247.jpg,1
15469.jpg,1
17936.jpg,1
13168.jpg,1
4091.jpg,0
15607.jpg,0
6782.jpg,0
6083.jpg,0
13350.jpg,1
20036.jpg,1
7457.jpg,0
15536.jpg,1
3311.jpg,0
16155.jpg,0
3173.jpg,1
7350.jpg,1
4204.jpg,1
16388.jpg,0
16809.jpg,0
20734.jpg,0
10819.jpg,0
10557.jpg,1
7810.jpg,1
10298.jpg,0
19419.jpg,1
5268.jpg,1
6877.jpg,1
17645.jpg,1
3586.jpg,1
10230.jpg,0
7991.jpg,0
16228.jpg,0
10981.jpg,0
16788.jpg,1
18573.jpg,0
3672.jpg,0
11702.jpg,0
4496.jpg,0
13415.jpg,1
15905.jpg,0
16546.jpg,0
12053.jpg,1
21972.jpg,0
16162.jpg,0
7226.jpg,0
5226.jpg,0
16670.jpg,1
12105.jpg,1
11487.jpg,0
4901.jpg,1
8724.jpg,0
19038.jpg,0
6290.jpg,0
14807.jpg,0
5278.jpg,1
16194.jpg,0
3538.jpg,1
13876.jpg,1
10842.jpg,1
13780.jpg,1
18319.jpg,1
9085.jpg,1
14499.jpg,0
6668.jpg,1
11910.jpg,0
15644.jpg,1
12603.jpg,0
18604.jpg,0
11504.jpg,1
19601.jpg,1
19116.jpg,1
17773.jpg,1
6272.jpg,0
16785.jpg,1
9691.jpg,0
19283.jpg,0
9250.jpg,0
4579.jpg,0
5851.jpg,1
11566.jpg,1
11297.jpg,1
7437.jpg,1
6474.jpg,1
17094.jpg,1
14756.jpg,0
11464.jpg,0
13985.jpg,0
13469.jpg,0
20532.jpg,0
13494.jpg,1
6276.jpg,0
7142.jpg,0
16258.jpg,0
9898.jpg,1
16389.jpg,1
12887.jpg,0
15276.jpg,1
14488.jpg,0
8756.jpg,1
13694.jpg,0
9795.jpg,0
1209.jpg,1
22034.jpg,1
10470.jpg,0
11272.jpg,0
14305.jpg,1
1998.jpg,0
4140.jpg,0
14839.jpg,1
7591.jpg,0
5840.jpg,0
7088.jpg,0
12257.jpg,1
14861.jpg,1
18367.jpg,1
5765.jpg,0
1687.jpg,0
3638.jpg,0
18921.jpg,1
14032.jpg,1
13137.jpg,1
7051.jpg,0
17925.jpg,1
14809.jpg,0
20825.jpg,0
14206.jpg,1
19095.jpg,0
13124.jpg,0
11853.jpg,1
13202.jpg,0
2312.jpg,0
15198.jpg,1
9143.jpg,1
16964.jpg,0
12593.jpg,1
14602.jpg,1
21480.jpg,0
14961.jpg,0
18288.jpg,1
1937.jpg,1
6762.jpg,0
8402.jpg,0
15476.jpg,1
12320.jpg,1
13952.jpg,0
17852.jpg,0
6592.jpg,1
6687.jpg,1
14229.jpg,0
9462.jpg,1
8137.jpg,1
15646.jpg,0
12382.jpg,0
7466.jpg,0
12375.jpg,1
7813.jpg,1
12530.jpg,1
12042.jpg,0
11862.jpg,1
17453.jpg,1
1004.jpg,0
5281.jpg,1
8634.jpg,0
9523.jpg,1
16844.jpg,0
6885.jpg,0
10489.jpg,1
6866.jpg,0
17682.jpg,0
15948.jpg,0
18682.jpg,1
12573.jpg,1
11876.jpg,1
10259.jpg,1
13607.jpg,0
9168.jpg,1
3518.jpg,1
18380.jpg,1
13750.jpg,0
17975.jpg,1
16189.jpg,1
15076.jpg,1
5022.jpg,0
9612.jpg,1
11682.jpg,0
7835.jpg,0
6820.jpg,1
3388.jpg,0
14030.jpg,0
13128.jpg,0
13332.jpg,1
17861.jpg,1
15256.jpg,0
17604.jpg,1
12488.jpg,1
9647.jpg,0
18990.jpg,0
14890.jpg,1
13212.jpg,1
13691.jpg,1
15070.jpg,0
5111.jpg,1
15963.jpg,1
20233.jpg,0
8178.jpg,1
10673.jpg,0
15860.jpg,1
16986.jpg,0
5426.jpg,1
17394.jpg,0
3989.jpg,0
6855.jpg,1
9977.jpg,0
10408.jpg,1
10083.jpg,0
18595.jpg,0
20648.jpg,1
15584.jpg,0
6591.jpg,1
13606.jpg,1
6207.jpg,1
6453.jpg,1
12863.jpg,0
18512.jpg,0
2546.jpg,1
15073.jpg,1
11290.jpg,1
16635.jpg,1
3975.jpg,0
10611.jpg,0
17763.jpg,1
14082.jpg,1
6388.jpg,1
9849.jpg,1
13467.jpg,1
8751.jpg,0
13932.jpg,0
16901.jpg,0
5843.jpg,0
6097.jpg,1
12841.jpg,0
12542.jpg,1
3453.jpg,0
6640.jpg,0
10931.jpg,1
18906.jpg,0
20012.jpg,0
5676.jpg,1
7200.jpg,0
10964.jpg,1
12262.jpg,0
13567.jpg,0
9965.jpg,1
16778.jpg,0
4488.jpg,0
11612.jpg,0
14040.jpg,1
16167.jpg,1
12943.jpg,1
15726.jpg,1
10305.jpg,1
19657.jpg,0
20119.jpg,1
6452.jpg,0
17194.jpg,0
5151.jpg,1
4423.jpg,1
5467.jpg,0
14159.jpg,1
15784.jpg,0
12192.jpg,1
17061.jpg,0
13026.jpg,0
11263.jpg,0
3475.jpg,0
4405.jpg,1
12929.jpg,1
11655.jpg,0
17528.jpg,1
16517.jpg,0
11889.jpg,0
13752.jpg,1
6047.jpg,1
19952.jpg,1
13115.jpg,0
10547.jpg,1
8002.jpg,0
8419.jpg,1
12804.jpg,1
8146.jpg,0
4763.jpg,0
6137.jpg,1
8177.jpg,1
3330.jpg,1
16355.jpg,1
3097.jpg,0
11125.jpg,1
9279.jpg,0
11088.jpg,1
18684.jpg,0
11644.jpg,1
20062.jpg,0
12613.jpg,0
15823.jpg,0
20160.jpg,0
12147.jpg,1
4302.jpg,1
4257.jpg,1
13535.jpg,1
8066.jpg,0
3521.jpg,1
6319.jpg,1
17325.jpg,0
9203.jpg,1
18386.jpg,0
13617.jpg,0
15473.jpg,0
16967.jpg,0
9568.jpg,0
3470.jpg,0
12961.jpg,0
17250.jpg,1
8926.jpg,0
18384.jpg,1
9695.jpg,0
9723.jpg,1
5647.jpg,0
14441.jpg,0
17478.jpg,0
12537.jpg,1
11529.jpg,1
11978.jpg,1
6800.jpg,0
10653.jpg,1
8317.jpg,1
10498.jpg,0
9506.jpg,0
16570.jpg,1
13135.jpg,0
11054.jpg,0
7532.jpg,0
7181.jpg,0
16703.jpg,1
20186.jpg,1
9458.jpg,1
16713.jpg,1
14642.jpg,1
7893.jpg,1
9514.jpg,1
2862.jpg,1
10268.jpg,1
16107.jpg,0
5960.jpg,1
6870.jpg,1
12008.jpg,1
10725.jpg,0
5826.jpg,1
17967.jpg,0
11892.jpg,1
2193.jpg,0
4391.jpg,0
16203.jpg,0
3776.jpg,1
11098.jpg,1
13965.jpg,1
12966.jpg,1
4982.jpg,1
2147.jpg,1
15993.jpg,0
11018.jpg,0
13786.jpg,1
2387.jpg,0
16991.jpg,0
14887.jpg,1
5749.jpg,0
2409.jpg,1
13034.jpg,0
21101.jpg,1
18590.jpg,0
14299.jpg,1
8303.jpg,0
5036.jpg,1
2053.jpg,0
5015.jpg,0
19271.jpg,0
7513.jpg,0
9521.jpg,1
4766.jpg,0
14114.jpg,1
8114.jpg,1
1957.jpg,1
14439.jpg,0
2831.jpg,0
7497.jpg,0
1235.jpg,0
16554.jpg,1
12097.jpg,1
12687.jpg,0
13693.jpg,1
4992.jpg,1
5764.jpg,0
15029.jpg,1
6455.jpg,0
1739.jpg,1
19144.jpg,1
10234.jpg,0
7526.jpg,0
8041.jpg,1
13847.jpg,0
8397.jpg,0
6484.jpg,1
2878.jpg,0
17354.jpg,0
17984.jpg,0
14202.jpg,1
14432.jpg,0
15047.jpg,1
19381.jpg,1
19166.jpg,1
18387.jpg,1
17941.jpg,0
14070.jpg,1
14171.jpg,1
12711.jpg,0
10214.jpg,0
13974.jpg,0
14092.jpg,0
15645.jpg,1
14221.jpg,0
18982.jpg,0
16579.jpg,1
16963.jpg,1
13403.jpg,0
14392.jpg,1
13314.jpg,0
13836.jpg,1
4118.jpg,0
8251.jpg,1
9714.jpg,0
9883.jpg,0
12094.jpg,0
18027.jpg,1
5024.jpg,0
9775.jpg,0
10205.jpg,1
11238.jpg,1
8145.jpg,0
17051.jpg,0
1727.jpg,0
2875.jpg,1
10826.jpg,1
4462.jpg,1
10150.jpg,1
9648.jpg,1
18188.jpg,1
13682.jpg,0
7341.jpg,1
6921.jpg,0
17260.jpg,1
10329.jpg,0
10009.jpg,0
16613.jpg,0
7225.jpg,1
14760.jpg,0
6947.jpg,1
10018.jpg,0
4287.jpg,0
19150.jpg,1
6145.jpg,1
8587.jpg,0
11437.jpg,0
16185.jpg,1
13493.jpg,0
10173.jpg,1
15510.jpg,0
15782.jpg,0
8026.jpg,1
4727.jpg,1
12180.jpg,0
10671.jpg,0
17441.jpg,0
7033.jpg,1
6759.jpg,1
14674.jpg,0
13652.jpg,1
10722.jpg,1
10858.jpg,1
6017.jpg,1
5338.jpg,0
7876.jpg,0
8340.jpg,0
12649.jpg,1
20385.jpg,0
14418.jpg,0
15564.jpg,1
8089.jpg,1
5862.jpg,1
9185.jpg,1
14541.jpg,1
17347.jpg,1
7824.jpg,1
12117.jpg,1
10351.jpg,1
19899.jpg,0
14661.jpg,1
4975.jpg,1
10584.jpg,1
9973.jpg,1
1324.jpg,1
13874.jpg,0
5122.jpg,1
7640.jpg,0
8707.jpg,1
1028.jpg,0
7931.jpg,1
8606.jpg,0
7094.jpg,1
2954.jpg,0
7572.jpg,1
11873.jpg,1
11402.jpg,0
11140.jpg,0
13910.jpg,0
17157.jpg,1
12867.jpg,0
9530.jpg,1
12299.jpg,1
14273.jpg,1
21198.jpg,0
2455.jpg,0
17006.jpg,0
18669.jpg,0
3627.jpg,1
13395.jpg,0
10147.jpg,1
10886.jpg,1
642.jpg,1
14097.jpg,0
7304.jpg,1
20103.jpg,1
9156.jpg,0
883.jpg,0
16948.jpg,0
10698.jpg,0
18152.jpg,1
13885.jpg,0
17549.jpg,1
17873.jpg,1
19342.jpg,1
7575.jpg,0
19815.jpg,1
1649.jpg,0
14440.jpg,0
14091.jpg,1
17582.jpg,0
18469.jpg,0
2221.jpg,1
14177.jpg,1
12076.jpg,1
17128.jpg,0
6459.jpg,1
4339.jpg,1
10525.jpg,0
6236.jpg,1
5501.jpg,1
12054.jpg,0
14908.jpg,1
14330.jpg,0
16166.jpg,0
11453.jpg,1
16283.jpg,0
16667.jpg,0
7193.jpg,0
18050.jpg,0
11720.jpg,1
13921.jpg,1
13917.jpg,1
15372.jpg,0
4549.jpg,0
11362.jpg,1
11850.jpg,0
2431.jpg,0
17685.jpg,1
12656.jpg,0
12707.jpg,1
19733.jpg,1
5357.jpg,1
16773.jpg,0
11164.jpg,1
10935.jpg,0
19884.jpg,1
21168.jpg,0
6807.jpg,0
8846.jpg,0
7887.jpg,0
8516.jpg,1
4709.jpg,0
18775.jpg,1
15471.jpg,1
15259.jpg,0
7210.jpg,0
18355.jpg,1
18286.jpg,0
7834.jpg,1
7553.jpg,0
4035.jpg,1
9218.jpg,0
15944.jpg,1
14746.jpg,1
4898.jpg,0
9342.jpg,0
7432.jpg,0
13650.jpg,0
11161.jpg,0
16460.jpg,1
1675.jpg,1
21132.jpg,1
15673.jpg,1
6443.jpg,1
8445.jpg,0
7401.jpg,0
6813.jpg,0
10876.jpg,1
14164.jpg,0
10013.jpg,0
14568.jpg,0
17601.jpg,1
8270.jpg,1
6497.jpg,0
13070.jpg,1
9821.jpg,0
7001.jpg,1
2560.jpg,1
14586.jpg,1
17611.jpg,1
15576.jpg,0
9355.jpg,0
7939.jpg,0
6338.jpg,1
16630.jpg,1
15154.jpg,1
6585.jpg,1
1947.jpg,1
7326.jpg,1
10782.jpg,0
12495.jpg,1
11353.jpg,1
13421.jpg,0
13916.jpg,1
2591.jpg,1
15135.jpg,1
8550.jpg,0
16521.jpg,0
10306.jpg,1
5128.jpg,1
16037.jpg,0
12113.jpg,1
11283.jpg,1
7357.jpg,0
5622.jpg,0
20044.jpg,0
1936.jpg,0
2678.jpg,0
17283.jpg,1
7712.jpg,0
20055.jpg,0
16276.jpg,1
13723.jpg,0
15674.jpg,0
4652.jpg,1
5945.jpg,0
13105.jpg,1
14228.jpg,0
9438.jpg,0
3376.jpg,0
11712.jpg,0
20051.jpg,1
17077.jpg,0
10008.jpg,0
4643.jpg,0
2772.jpg,1
10938.jpg,0
10419.jpg,1
11374.jpg,1
14448.jpg,0
5339.jpg,0
7004.jpg,1
6394.jpg,1
12358.jpg,1
18388.jpg,1
13731.jpg,0
8872.jpg,1
19451.jpg,0
9280.jpg,0
1570.jpg,1
2159.jpg,1
21355.jpg,0
6010.jpg,1
5407.jpg,0
7092.jpg,1
16196.jpg,0
4758.jpg,0
18446.jpg,1
17162.jpg,1
15606.jpg,1
11428.jpg,0
18558.jpg,0
8316.jpg,1
7940.jpg,1
9157.jpg,0
4196.jpg,1
3736.jpg,1
10723.jpg,1
5973.jpg,0
7476.jpg,1
12118.jpg,0
17189.jpg,0
16171.jpg,0
10476.jpg,1
10560.jpg,1
5342.jpg,1
12494.jpg,0
9134.jpg,1
9123.jpg,0
19804.jpg,1
2884.jpg,1
20726.jpg,0
3889.jpg,1
15278.jpg,1
20908.jpg,1
12351.jpg,0
16233.jpg,1
17182.jpg,0
15430.jpg,1
7105.jpg,0
4928.jpg,0
10863.jpg,0
6364.jpg,1
18871.jpg,1
7150.jpg,0
12402.jpg,1
9443.jpg,1
12165.jpg,0
18647.jpg,1
10085.jpg,1
16657.jpg,0
11725.jpg,0
8651.jpg,0
19553.jpg,0
4775.jpg,0
13717.jpg,0
17570.jpg,1
19664.jpg,0
8845.jpg,1
12468.jpg,0
15522.jpg,0
13838.jpg,0
10800.jpg,1
3741.jpg,1
21100.jpg,0
10254.jpg,0
14935.jpg,1
11104.jpg,1
12510.jpg,0
18640.jpg,1
12893.jpg,0
11700.jpg,1
14296.jpg,0
12856.jpg,0
16062.jpg,1
11727.jpg,1
11440.jpg,1
4964.jpg,0
15586.jpg,1
10823.jpg,0
1165.jpg,0
17352.jpg,1
8563.jpg,1
1976.jpg,0
11003.jpg,0
16016.jpg,1
3381.jpg,1
21386.jpg,1
9412.jpg,0
12144.jpg,0
14534.jpg,1
14242.jpg,1
16870.jpg,1
2533.jpg,0
8403.jpg,0
12302.jpg,0
14650.jpg,0
6466.jpg,1
11434.jpg,0
8746.jpg,1
6469.jpg,0
4400.jpg,1
18037.jpg,0
7853.jpg,0
8174.jpg,1
2957.jpg,0
14220.jpg,1
8168.jpg,0
3973.jpg,0
8715.jpg,0
7650.jpg,1
6665.jpg,0
3969.jpg,0
4946.jpg,1
16075.jpg,0
15074.jpg,1
12158.jpg,1
11886.jpg,0
20878.jpg,1
434.jpg,1
19155.jpg,1
11173.jpg,1
9116.jpg,0
18346.jpg,0
7470.jpg,1
3764.jpg,0
9055.jpg,1
5460.jpg,1
5117.jpg,0
10296.jpg,0
13573.jpg,0
3950.jpg,1
9061.jpg,1
20959.jpg,0
4066.jpg,0
7660.jpg,0
12473.jpg,0
15957.jpg,1
11592.jpg,0
15254.jpg,0
14659.jpg,0
6336.jpg,0
15669.jpg,0
8703.jpg,1
8190.jpg,0
5010.jpg,0
14942.jpg,0
12615.jpg,1
15758.jpg,0
9969.jpg,1
17384.jpg,1
6470.jpg,0
17433.jpg,0
3905.jpg,0
4331.jpg,0
12857.jpg,0
7967.jpg,1
20910.jpg,0
10960.jpg,1
4947.jpg,0
7487.jpg,0
3128.jpg,0
12253.jpg,0
7581.jpg,0
10012.jpg,0
15691.jpg,1
15115.jpg,1
11633.jpg,1
11756.jpg,1
10394.jpg,0
18150.jpg,1
7456.jpg,0
8766.jpg,1
16668.jpg,0
13308.jpg,0
8690.jpg,1
7809.jpg,1
7443.jpg,0
9768.jpg,1
7662.jpg,1
14613.jpg,1
10672.jpg,1
9235.jpg,1
17350.jpg,0
5379.jpg,0
20757.jpg,0
6352.jpg,0
10951.jpg,0
3643.jpg,1
5743.jpg,1
16183.jpg,1
13099.jpg,0
17333.jpg,0
10213.jpg,1
7955.jpg,0
9650.jpg,0
9284.jpg,0
8454.jpg,0
9504.jpg,0
7938.jpg,0
17191.jpg,1
3113.jpg,0
6408.jpg,0
10171.jpg,1
15464.jpg,1
11938.jpg,1
19757.jpg,1
10482.jpg,0
8588.jpg,1
12010.jpg,1
5521.jpg,1
21655.jpg,1
9729.jpg,0
12381.jpg,1
4510.jpg,1
15052.jpg,0
11595.jpg,1
5767.jpg,1
11274.jpg,0
19044.jpg,1
6937.jpg,0
7830.jpg,1
8877.jpg,0
20894.jpg,1
4660.jpg,1
12776.jpg,1
12120.jpg,0
18826.jpg,1
12433.jpg,1
12197.jpg,1
6707.jpg,0
12106.jpg,0
7904.jpg,0
16666.jpg,1
11565.jpg,1
16263.jpg,1
15819.jpg,0
20018.jpg,0
18589.jpg,0
18416.jpg,1
6202.jpg,1
13925.jpg,0
2315.jpg,1
9467.jpg,1
8409.jpg,0
14967.jpg,0
18202.jpg,0
6819.jpg,1
9345.jpg,1
20422.jpg,0
13053.jpg,0
19476.jpg,1
7771.jpg,0
14676.jpg,0
5256.jpg,0
13930.jpg,0
1304.jpg,0
15226.jpg,1
10370.jpg,1
1363.jpg,1
16612.jpg,1
7082.jpg,0
6288.jpg,0
11450.jpg,1
13883.jpg,0
19541.jpg,1
11470.jpg,1
12182.jpg,1
10483.jpg,0
10589.jpg,1
11001.jpg,0
14314.jpg,1
10966.jpg,1
5650.jpg,0
8933.jpg,1
20265.jpg,1
11389.jpg,0
15900.jpg,1
2921.jpg,0
20874.jpg,1
8143.jpg,0
5605.jpg,1
7982.jpg,1
8195.jpg,0
7233.jpg,0
9176.jpg,1
13688.jpg,1
8524.jpg,1
20015.jpg,0
6467.jpg,0
4477.jpg,1
6494.jpg,0
10791.jpg,0
3318.jpg,1
5054.jpg,1
9054.jpg,1
11424.jpg,1
7061.jpg,0
12838.jpg,0
5632.jpg,1
799.jpg,1
14211.jpg,1
6528.jpg,0
5346.jpg,0
3783.jpg,1
10707.jpg,0
7609.jpg,1
1203.jpg,0
19593.jpg,0
962.jpg,1
13794.jpg,0
13961.jpg,0
2108.jpg,1
15233.jpg,0
7825.jpg,0
3419.jpg,1
7557.jpg,0
13586.jpg,1
2259.jpg,1
8389.jpg,0
11726.jpg,0
19021.jpg,1
12546.jpg,1
9359.jpg,0
3217.jpg,1
13178.jpg,0
6649.jpg,1
20052.jpg,0
10608.jpg,1
11588.jpg,0
14578.jpg,1
16525.jpg,0
12115.jpg,1
1693.jpg,0
11007.jpg,1
12778.jpg,0
16999.jpg,0
15243.jpg,0
5735.jpg,1
11763.jpg,0
5029.jpg,1
15280.jpg,1
10487.jpg,0
6482.jpg,0
9311.jpg,1
18232.jpg,0
16427.jpg,1
10959.jpg,1
8411.jpg,1
3172.jpg,0
18233.jpg,1
17245.jpg,0
5518.jpg,1
3694.jpg,0
12576.jpg,0
3425.jpg,0
11583.jpg,0
12919.jpg,0
18338.jpg,1
16922.jpg,1
2718.jpg,0
17201.jpg,0
11937.jpg,0
12705.jpg,0
13989.jpg,0
10409.jpg,1
7832.jpg,1
8100.jpg,0
4494.jpg,1
14379.jpg,1
14247.jpg,1
20779.jpg,0
11395.jpg,1
19877.jpg,0
18203.jpg,1
17863.jpg,1
15390.jpg,1
7686.jpg,1
6108.jpg,0
4641.jpg,1
10203.jpg,0
8228.jpg,1
16044.jpg,0
6262.jpg,1
4106.jpg,0
7550.jpg,1
13205.jpg,0
3324.jpg,1
19138.jpg,1
14373.jpg,0
4617.jpg,1
19393.jpg,0
20933.jpg,0
8074.jpg,0
4156.jpg,1
1766.jpg,1
13089.jpg,1
17130.jpg,1
9841.jpg,0
11438.jpg,1
13196.jpg,1
19270.jpg,0
7145.jpg,0
15893.jpg,0
7870.jpg,1
11841.jpg,0
22232.jpg,0
4605.jpg,1
10699.jpg,0
4436.jpg,1
17269.jpg,0
15894.jpg,0
5673.jpg,1
10020.jpg,0
9206.jpg,1
12931.jpg,1
1072.jpg,1
12806.jpg,0
21351.jpg,1
14598.jpg,0
18913.jpg,1
5448.jpg,0
1940.jpg,0
14027.jpg,0
7773.jpg,1
6565.jpg,1
3064.jpg,0
11336.jpg,1
12363.jpg,1
18578.jpg,1
10702.jpg,0
7675.jpg,0
18501.jpg,0
2544.jpg,1
12870.jpg,0
12723.jpg,1
12129.jpg,1
5875.jpg,0
15051.jpg,1
17372.jpg,0
13858.jpg,1
9083.jpg,1
7837.jpg,1
19029.jpg,0
13527.jpg,1
13414.jpg,1
18213.jpg,0
1745.jpg,1
11357.jpg,0
18439.jpg,1
14343.jpg,1
2979.jpg,1
2720.jpg,0
5955.jpg,1
9422.jpg,1
7173.jpg,1
13398.jpg,1
8994.jpg,1
16933.jpg,1
6182.jpg,0
16571.jpg,0
11525.jpg,0
7018.jpg,1
3996.jpg,1
19705.jpg,1
4455.jpg,0
4469.jpg,0
21023.jpg,1
2951.jpg,0
19485.jpg,0
4456.jpg,1
15705.jpg,0
20323.jpg,0
5675.jpg,1
11558.jpg,1
8199.jpg,0
8093.jpg,1
3678.jpg,1
11449.jpg,1
12439.jpg,1
19800.jpg,0
15507.jpg,0
5737.jpg,0
21109.jpg,0
2118.jpg,0
10689.jpg,1
19653.jpg,0
13962.jpg,1
13914.jpg,0
3792.jpg,0
9495.jpg,1
4124.jpg,0
16335.jpg,0
9243.jpg,1
15423.jpg,1
18359.jpg,1
10021.jpg,0
12947.jpg,0
2823.jpg,0
15392.jpg,0
14933.jpg,1
19358.jpg,0
18138.jpg,1
13276.jpg,1
4005.jpg,1
12525.jpg,0
5159.jpg,1
9680.jpg,0
16446.jpg,0
7519.jpg,0
1660.jpg,0
11265.jpg,1
13006.jpg,1
13532.jpg,1
7125.jpg,1
8793.jpg,1
10433.jpg,0
10729.jpg,0
7240.jpg,1
12648.jpg,1
10345.jpg,1
9978.jpg,1
10726.jpg,0
4268.jpg,1
5201.jpg,1
3532.jpg,1
11766.jpg,1
14868.jpg,1
16924.jpg,0
19450.jpg,0
9338.jpg,0
13042.jpg,0
14980.jpg,0
11734.jpg,1
12290.jpg,0
9876.jpg,0
13530.jpg,0
21952.jpg,0
18968.jpg,0
14054.jpg,1
11896.jpg,0
4130.jpg,1
18991.jpg,1
8685.jpg,1
11268.jpg,1
9001.jpg,1
14001.jpg,1
4531.jpg,0
4010.jpg,0
6398.jpg,0
12869.jpg,1
12952.jpg,0
4300.jpg,1
16892.jpg,0
10128.jpg,1
17640.jpg,1
9214.jpg,1
17422.jpg,1
2077.jpg,0
11861.jpg,0
8404.jpg,1
17577.jpg,0
20420.jpg,0
10024.jpg,0
11197.jpg,0
1949.jpg,1
14695.jpg,0
9236.jpg,1
8670.jpg,0
9232.jpg,0
11647.jpg,0
9313.jpg,0
19168.jpg,0
3514.jpg,0
8623.jpg,0
13402.jpg,0
8491.jpg,1
9114.jpg,0
13296.jpg,0
14368.jpg,0
18217.jpg,0
13685.jpg,0
7863.jpg,0
20048.jpg,1
5860.jpg,1
11355.jpg,1
16961.jpg,0
2587.jpg,0
15923.jpg,0
17093.jpg,1
9316.jpg,1
10857.jpg,0
14103.jpg,0
9281.jpg,0
12131.jpg,0
5827.jpg,1
7460.jpg,0
14644.jpg,0
15445.jpg,0
10807.jpg,0
12258.jpg,0
18261.jpg,1
5755.jpg,1
2052.jpg,1
17437.jpg,0
21225.jpg,0
1394.jpg,1
4944.jpg,1
16881.jpg,0
13672.jpg,1
13100.jpg,0
19465.jpg,1
13648.jpg,0
12028.jpg,0
7918.jpg,0
18462.jpg,1
18806.jpg,1
17465.jpg,0
14673.jpg,0
2659.jpg,1
11152.jpg,1
18622.jpg,1
9344.jpg,1
18903.jpg,0
7978.jpg,0
12663.jpg,0
5654.jpg,1
12896.jpg,0
6237.jpg,0
17655.jpg,1
4613.jpg,1
7372.jpg,0
10455.jpg,1
13895.jpg,1
5838.jpg,1
14012.jpg,1
11017.jpg,1
10533.jpg,1
3916.jpg,1
15194.jpg,0
7799.jpg,1
9108.jpg,0
14747.jpg,0
19372.jpg,0
11409.jpg,0
9702.jpg,0
3614.jpg,0
8151.jpg,1
5091.jpg,1
18914.jpg,1
1579.jpg,0
19107.jpg,0
8906.jpg,0
12104.jpg,1
16113.jpg,0
6822.jpg,1
15799.jpg,1
6395.jpg,1
9318.jpg,1
14384.jpg,0
17736.jpg,1
19482.jpg,0
5832.jpg,0
16673.jpg,1
13059.jpg,0
10642.jpg,1
2479.jpg,0
8757.jpg,1
16516.jpg,0
13420.jpg,1
13634.jpg,0
10894.jpg,0
6580.jpg,1
12501.jpg,0
12401.jpg,1
15237.jpg,1
8314.jpg,0
3636.jpg,0
15880.jpg,0
13579.jpg,1
2308.jpg,0
20661.jpg,1
10684.jpg,0
14019.jpg,1
4074.jpg,1
6362.jpg,1
17038.jpg,0
6473.jpg,1
3030.jpg,0
2931.jpg,1
13023.jpg,0
20029.jpg,0
17576.jpg,1
12793.jpg,0
17209.jpg,0
9014.jpg,1
14095.jpg,0
17279.jpg,1
8815.jpg,0
7095.jpg,1
15308.jpg,0
16070.jpg,1
6566.jpg,0
6790.jpg,1
10065.jpg,0
14130.jpg,1
6635.jpg,0
10288.jpg,0
13232.jpg,0
8811.jpg,0
3365.jpg,1
10322.jpg,1
17610.jpg,0
22172.jpg,0
19964.jpg,1
1795.jpg,1
12270.jpg,0
11924.jpg,0
9538.jpg,1
12218.jpg,0
3795.jpg,0
13649.jpg,0
5417.jpg,1
9091.jpg,1
8617.jpg,1
14892.jpg,0
13669.jpg,1
12220.jpg,1
15384.jpg,0
15793.jpg,1
20462.jpg,0
14185.jpg,1
16983.jpg,0
6692.jpg,1
11737.jpg,0
7062.jpg,0
14993.jpg,0
15680.jpg,0
17413.jpg,0
15024.jpg,0
6401.jpg,1
7933.jpg,1
9845.jpg,0
16891.jpg,1
14133.jpg,0
13692.jpg,1
18716.jpg,0
14078.jpg,1
19673.jpg,0
2907.jpg,0
16791.jpg,1
15997.jpg,0
10253.jpg,1
12492.jpg,1
8945.jpg,0
6224.jpg,0
5354.jpg,1
9967.jpg,0
6944.jpg,1
16318.jpg,0
2501.jpg,1
6183.jpg,1
14969.jpg,1
9209.jpg,1
2508.jpg,0
2345.jpg,0
3086.jpg,1
15809.jpg,1
18090.jpg,1
9268.jpg,1
2905.jpg,0
10436.jpg,1
8848.jpg,1
4080.jpg,1
8344.jpg,1
8819.jpg,1
11414.jpg,0
15181.jpg,0
15170.jpg,1
16199.jpg,1
6081.jpg,1
8594.jpg,1
17775.jpg,1
11616.jpg,0
4919.jpg,1
13875.jpg,0
15483.jpg,0
13969.jpg,0
14934.jpg,1
14074.jpg,1
2073.jpg,1
10221.jpg,0
14590.jpg,0
13900.jpg,0
14125.jpg,0
7055.jpg,0
11729.jpg,1
17835.jpg,1
6480.jpg,0
19520.jpg,1
8830.jpg,1
4742.jpg,0
2668.jpg,1
11393.jpg,1
19855.jpg,0
10971.jpg,1
21460.jpg,1
10551.jpg,0
3979.jpg,0
10480.jpg,1
12487.jpg,1
6617.jpg,1
15707.jpg,0
11375.jpg,1
10319.jpg,0
4711.jpg,0
10509.jpg,0
11686.jpg,0
15599.jpg,1
8001.jpg,0
18189.jpg,1
8947.jpg,0
20565.jpg,0
2666.jpg,1
16152.jpg,0
11016.jpg,0
12221.jpg,0
12193.jpg,0
4807.jpg,1
17786.jpg,0
12599.jpg,0
2493.jpg,0
16320.jpg,0
16615.jpg,1
10180.jpg,1
2832.jpg,0
15580.jpg,1
10899.jpg,1
16662.jpg,0
1974.jpg,1
6043.jpg,0
16003.jpg,1
17079.jpg,1
19802.jpg,1
7543.jpg,0
7721.jpg,0
14063.jpg,1
17580.jpg,0
9170.jpg,1
16455.jpg,1
7718.jpg,0
14877.jpg,0
13148.jpg,0
4352.jpg,1
5071.jpg,1
19957.jpg,0
15340.jpg,1
9099.jpg,1
7130.jpg,0
1250.jpg,1
1414.jpg,1
19058.jpg,1
1444.jpg,0
13533.jpg,0
8605.jpg,1
20154.jpg,0
12602.jpg,1
18543.jpg,0
16661.jpg,1
13166.jpg,1
6498.jpg,1
11586.jpg,1
15617.jpg,0
2934.jpg,0
5114.jpg,1
17238.jpg,1
6830.jpg,1
11807.jpg,0
1498.jpg,0
14198.jpg,1
15348.jpg,1
14128.jpg,1
10989.jpg,1
12882.jpg,0
4044.jpg,1
5516.jpg,0
13081.jpg,0
16379.jpg,1
19707.jpg,1
15974.jpg,1
7093.jpg,0
9215.jpg,0
13825.jpg,1
16309.jpg,0
13804.jpg,1
12625.jpg,0
6765.jpg,0
12229.jpg,1
6101.jpg,0
4599.jpg,1
3349.jpg,1
19222.jpg,1
17798.jpg,0
19321.jpg,1
6670.jpg,0
9242.jpg,1
12534.jpg,0
13557.jpg,1
20417.jpg,0
17257.jpg,0
19542.jpg,1
8164.jpg,0
14424.jpg,0
15876.jpg,0
15826.jpg,0
16267.jpg,0
12626.jpg,1
8120.jpg,0
18654.jpg,1
2592.jpg,1
19996.jpg,0
3727.jpg,1
15391.jpg,0
13237.jpg,0
12703.jpg,0
11035.jpg,1
15222.jpg,0
5123.jpg,1
11760.jpg,0
2630.jpg,1
12400.jpg,0
13814.jpg,1
4702.jpg,1
11775.jpg,0
20659.jpg,0
18874.jpg,0
14371.jpg,1
4869.jpg,0
19066.jpg,0
5990.jpg,1
6724.jpg,0
21005.jpg,1
15139.jpg,0
6675.jpg,0
7097.jpg,1
16426.jpg,0
9464.jpg,1
11476.jpg,1
6731.jpg,0
5373.jpg,1
14632.jpg,0
18245.jpg,1
5391.jpg,1
6970.jpg,0
11392.jpg,0
11834.jpg,1
12623.jpg,1
6745.jpg,0
10535.jpg,1
5231.jpg,0
15005.jpg,1
16280.jpg,1
16240.jpg,0
12564.jpg,1
10619.jpg,1
12466.jpg,1
5023.jpg,1
7375.jpg,1
7582.jpg,0
7722.jpg,0
8551.jpg,1
2853.jpg,1
8633.jpg,0
16836.jpg,0
8472.jpg,0
7482.jpg,0
12762.jpg,0
13642.jpg,1
10112.jpg,1
4323.jpg,0
1095.jpg,1
9435.jpg,0
11276.jpg,0
9004.jpg,0
16993.jpg,0
7389.jpg,1
15675.jpg,0
2721.jpg,0
5134.jpg,0
10756.jpg,1
3688.jpg,0
19087.jpg,0
20099.jpg,0
9515.jpg,0
13855.jpg,0
6387.jpg,0
12418.jpg,0
5328.jpg,0
3208.jpg,1
16769.jpg,1
22075.jpg,1
18240.jpg,0
19305.jpg,1
13325.jpg,0
7669.jpg,1
4809.jpg,1
11262.jpg,1
12323.jpg,1
9617.jpg,1
3234.jpg,1
6238.jpg,0
20414.jpg,1
1114.jpg,1
17203.jpg,0
7708.jpg,0
13441.jpg,0
15349.jpg,0
13259.jpg,1
16163.jpg,1
5368.jpg,1
831.jpg,0
8883.jpg,1
15157.jpg,1
9542.jpg,1
2644.jpg,0
21073.jpg,1
2573.jpg,1
3012.jpg,0
1694.jpg,1
7607.jpg,0
13737.jpg,0
17706.jpg,0
15083.jpg,1
10917.jpg,0
10159.jpg,1
2983.jpg,0
13499.jpg,1
5422.jpg,0
14179.jpg,0
12871.jpg,1
2128.jpg,1
6339.jpg,0
10883.jpg,1
12524.jpg,0
12170.jpg,1
16461.jpg,0
8979.jpg,0
6213.jpg,0
17524.jpg,1
14231.jpg,1
15065.jpg,0
4688.jpg,0
9703.jpg,1
6449.jpg,1
18026.jpg,1
13334.jpg,1
10175.jpg,1
17035.jpg,1
6302.jpg,0
5869.jpg,1
16855.jpg,1
10577.jpg,0
11687.jpg,1
14265.jpg,1
10817.jpg,1
5200.jpg,0
1554.jpg,1
6704.jpg,0
11491.jpg,1
9858.jpg,1
14582.jpg,0
8701.jpg,1
13247.jpg,1
13098.jpg,1
18101.jpg,1
3573.jpg,0
14936.jpg,1
13662.jpg,1
1874.jpg,1
6005.jpg,0
14813.jpg,1
8825.jpg,1
14990.jpg,0
1269.jpg,0
15886.jpg,0
10358.jpg,0
10258.jpg,0
2178.jpg,0
11553.jpg,0
19927.jpg,1
10014.jpg,1
15192.jpg,1
15453.jpg,0
7367.jpg,0
1418.jpg,0
5174.jpg,1
12745.jpg,0
7079.jpg,0
13437.jpg,1
4867.jpg,0
10978.jpg,0
3214.jpg,0
16198.jpg,1
2589.jpg,0
5227.jpg,0
9028.jpg,0
12818.jpg,1
12570.jpg,1
2228.jpg,0
6791.jpg,1
3390.jpg,1
10795.jpg,0
18123.jpg,0
4376.jpg,1
14771.jpg,0
20639.jpg,1
4104.jpg,0
19125.jpg,0
17276.jpg,0
11096.jpg,0
10911.jpg,1
20512.jpg,0
7537.jpg,0
16186.jpg,1
15328.jpg,1
17370.jpg,1
11765.jpg,0
6918.jpg,0
12339.jpg,0
5925.jpg,1
15223.jpg,0
7570.jpg,1
17761.jpg,1
4364.jpg,1
10987.jpg,0
3946.jpg,0
18234.jpg,1
4471.jpg,1
19346.jpg,1
17926.jpg,0
18743.jpg,0
13647.jpg,1
20227.jpg,1
20170.jpg,1
7330.jpg,0
16242.jpg,0
16450.jpg,1
14982.jpg,1
19669.jpg,0
19507.jpg,1
10970.jpg,0
8579.jpg,1
6607.jpg,0
2003.jpg,0
6067.jpg,1
3875.jpg,1
13103.jpg,0
12478.jpg,1
12436.jpg,1
4361.jpg,0
4023.jpg,1
16998.jpg,0
7444.jpg,0
9672.jpg,0
8257.jpg,0
3070.jpg,1
15123.jpg,0
7021.jpg,0
16768.jpg,1
6523.jpg,0
3740.jpg,1
6212.jpg,1
1963.jpg,0
15283.jpg,1
13978.jpg,0
10785.jpg,0
16812.jpg,0
18940.jpg,1
12760.jpg,0
6616.jpg,1
8273.jpg,1
10517.jpg,0
8299.jpg,0
17699.jpg,0
9155.jpg,1
8455.jpg,0
9869.jpg,0
11291.jpg,0
15590.jpg,1
11520.jpg,0
9451.jpg,0
20083.jpg,0
4595.jpg,1
16286.jpg,1
10831.jpg,1
8237.jpg,1
2673.jpg,0
11508.jpg,0
13807.jpg,1
9556.jpg,0
20741.jpg,1
18483.jpg,1
15877.jpg,1
8758.jpg,1
15145.jpg,1
16464.jpg,0
12123.jpg,1
11634.jpg,1
15179.jpg,1
11404.jpg,1
8381.jpg,1
7842.jpg,1
7859.jpg,0
19210.jpg,0
18406.jpg,1
20771.jpg,0
10410.jpg,0
8552.jpg,0
13887.jpg,0
8557.jpg,0
10678.jpg,1
4792.jpg,1
4539.jpg,1
7767.jpg,1
9071.jpg,1
9914.jpg,1
2365.jpg,1
13781.jpg,0
13797.jpg,0
9310.jpg,0
14979.jpg,1
8122.jpg,0
6595.jpg,0
17092.jpg,1
10293.jpg,1
12548.jpg,0
12785.jpg,0
13657.jpg,1
16565.jpg,0
6080.jpg,1
3896.jpg,0
15717.jpg,0
4136.jpg,1
13002.jpg,0
16535.jpg,0
9369.jpg,0
19828.jpg,0
20425.jpg,0
19050.jpg,0
12219.jpg,0
9753.jpg,1
13292.jpg,1
9604.jpg,0
13841.jpg,0
10182.jpg,1
13519.jpg,1
3567.jpg,1
12171.jpg,0
15616.jpg,1
7216.jpg,0
7756.jpg,0
5271.jpg,0
10990.jpg,1
8064.jpg,1
12873.jpg,0
15992.jpg,1
11408.jpg,0
20106.jpg,1
4615.jpg,0
13597.jpg,0
19085.jpg,1
13832.jpg,0
6355.jpg,0
19505.jpg,1
17024.jpg,1
8207.jpg,0
15903.jpg,0
6984.jpg,1
10095.jpg,1
21331.jpg,1
11295.jpg,0
14910.jpg,1
19151.jpg,0
12004.jpg,1
11153.jpg,0
16582.jpg,0
12568.jpg,0
12807.jpg,0
3716.jpg,1
9394.jpg,0
4712.jpg,0
8036.jpg,0
21427.jpg,1
17287.jpg,1
14120.jpg,1
10210.jpg,0
17290.jpg,0
13306.jpg,0
7808.jpg,1
6570.jpg,1
9566.jpg,1
15650.jpg,1
9535.jpg,0
6066.jpg,0
12126.jpg,1
20165.jpg,0
11902.jpg,0
9035.jpg,0
1286.jpg,0
8175.jpg,0
6901.jpg,0
8488.jpg,0
14126.jpg,0
16523.jpg,0
9565.jpg,1
10023.jpg,1
10851.jpg,1
4933.jpg,1
10940.jpg,0
4479.jpg,0
5639.jpg,1
5191.jpg,0
8764.jpg,1
10038.jpg,0
15080.jpg,1
15682.jpg,0
8284.jpg,1
11793.jpg,0
10330.jpg,0
9811.jpg,0
8282.jpg,0
4236.jpg,0
1391.jpg,0
12051.jpg,1
18681.jpg,0
19106.jpg,1
6134.jpg,1
14061.jpg,1
12750.jpg,1
2082.jpg,0
9610.jpg,0
6312.jpg,1
7469.jpg,1
12449.jpg,0
2458.jpg,1
15637.jpg,1
6483.jpg,1
6138.jpg,0
19881.jpg,1
1924.jpg,1
19128.jpg,0
8879.jpg,0
7927.jpg,1
5636.jpg,0
8111.jpg,1
19857.jpg,1
19994.jpg,0
5138.jpg,0
15702.jpg,1
14446.jpg,0
16466.jpg,1
12872.jpg,1
6385.jpg,0
3789.jpg,1
11620.jpg,1
12328.jpg,0
5490.jpg,1
14404.jpg,1
17734.jpg,1
20188.jpg,1
12317.jpg,1
9793.jpg,1
18199.jpg,1
12331.jpg,0
13815.jpg,0
7560.jpg,1
15743.jpg,1
14234.jpg,0
5954.jpg,0
8518.jpg,0
18767.jpg,1
18358.jpg,1
6869.jpg,0
12040.jpg,0
8672.jpg,0
6586.jpg,1
15144.jpg,0
21304.jpg,0
20472.jpg,1
15978.jpg,0
2677.jpg,1
3591.jpg,1
13623.jpg,1
10655.jpg,0
8010.jpg,0
12619.jpg,0
11683.jpg,1
17019.jpg,1
21140.jpg,1
4774.jpg,0
18598.jpg,1
9120.jpg,0
8931.jpg,1
8008.jpg,1
3865.jpg,1
10962.jpg,1
8226.jpg,0
12274.jpg,1
3445.jpg,1
16221.jpg,0
12430.jpg,0
20988.jpg,0
12674.jpg,0
13278.jpg,0
13442.jpg,0
4638.jpg,0
8674.jpg,1
15398.jpg,0
7158.jpg,0
5911.jpg,1
9801.jpg,1
9690.jpg,1
17274.jpg,0
6691.jpg,1
5917.jpg,1
2154.jpg,1
10681.jpg,1
16858.jpg,0
6795.jpg,0
15037.jpg,0
21555.jpg,1
16375.jpg,1
4078.jpg,0
7802.jpg,0
6409.jpg,1
19806.jpg,1
5534.jpg,1
18596.jpg,1
8028.jpg,1
8430.jpg,1
6415.jpg,0
4904.jpg,0
16441.jpg,1
5496.jpg,1
5299.jpg,0
6817.jpg,0
10192.jpg,0
12864.jpg,0
11020.jpg,0
8475.jpg,0
9601.jpg,0
9070.jpg,0
9455.jpg,0
13826.jpg,1
4929.jpg,1
5873.jpg,0
19623.jpg,0
15103.jpg,0
8161.jpg,1
15300.jpg,0
12386.jpg,0
17118.jpg,1
13486.jpg,0
13980.jpg,0
11136.jpg,0
9315.jpg,1
16282.jpg,0
16851.jpg,1
19117.jpg,1
12942.jpg,1
3018.jpg,0
3084.jpg,1
9971.jpg,1
16139.jpg,1
3901.jpg,1
12128.jpg,1
9631.jpg,0
15086.jpg,1
3044.jpg,0
16987.jpg,0
9519.jpg,0
7010.jpg,0
4011.jpg,1
7186.jpg,0
11443.jpg,0
7303.jpg,0
10137.jpg,1
11401.jpg,0
15381.jpg,1
14532.jpg,0
10871.jpg,1
13751.jpg,0
7875.jpg,1
7741.jpg,0
9968.jpg,1
10472.jpg,0
7597.jpg,0
9356.jpg,0
13003.jpg,0
9522.jpg,0
2569.jpg,1
20248.jpg,1
7177.jpg,1
5184.jpg,1
12874.jpg,1
4386.jpg,1
18474.jpg,0
6888.jpg,1
19362.jpg,0
16914.jpg,0
9785.jpg,1
8189.jpg,0
12380.jpg,0
6424.jpg,0
14119.jpg,0
12702.jpg,1
12272.jpg,0
12685.jpg,1
3093.jpg,1
7924.jpg,1
12634.jpg,1
14467.jpg,0
15297.jpg,0
10145.jpg,1
12070.jpg,1
12733.jpg,1
12803.jpg,1
8244.jpg,0
15581.jpg,0
9997.jpg,0
6763.jpg,0
8068.jpg,0
2588.jpg,1
10588.jpg,1
19789.jpg,0
19863.jpg,1
15426.jpg,1
3510.jpg,1
12769.jpg,0
19198.jpg,1
11345.jpg,0
12951.jpg,0
12916.jpg,1
5689.jpg,1
4751.jpg,0
19396.jpg,0
7403.jpg,0
15335.jpg,0
1819.jpg,0
18989.jpg,0
9851.jpg,1
9409.jpg,0
15298.jpg,1
12847.jpg,1
7907.jpg,1
8696.jpg,1
4973.jpg,1
9547.jpg,1
19928.jpg,0
13803.jpg,0
16994.jpg,0
14527.jpg,1
16239.jpg,0
22097.jpg,1
8654.jpg,0
14058.jpg,1
18362.jpg,0
12577.jpg,1
14347.jpg,0
11716.jpg,1
17504.jpg,1
8116.jpg,0
17407.jpg,0
10709.jpg,0
7548.jpg,0
19402.jpg,0
4565.jpg,0
3710.jpg,0
12770.jpg,0
7419.jpg,1
16873.jpg,1
4723.jpg,0
20597.jpg,0
14571.jpg,0
13208.jpg,1
6981.jpg,1
15712.jpg,1
2746.jpg,1
14189.jpg,1
9391.jpg,0
9220.jpg,0
13310.jpg,0
14011.jpg,1
1486.jpg,0
16293.jpg,0
11405.jpg,0
9756.jpg,0
14517.jpg,1
9989.jpg,1
12771.jpg,0
14034.jpg,0
14485.jpg,0
7275.jpg,1
13293.jpg,1
6029.jpg,0
16754.jpg,1
12344.jpg,1
8954.jpg,0
20662.jpg,0
3656.jpg,1
6743.jpg,0
16866.jpg,0
3115.jpg,1
5468.jpg,0
13151.jpg,1
3833.jpg,0
8847.jpg,0
17880.jpg,1
14110.jpg,1
11791.jpg,1
10376.jpg,0
9865.jpg,0
12404.jpg,0
8144.jpg,0
13593.jpg,1
20204.jpg,1
15414.jpg,1
14639.jpg,1
14451.jpg,0
12493.jpg,1
6701.jpg,1
4601.jpg,0
19568.jpg,1
8271.jpg,1
7923.jpg,1
17760.jpg,1
8288.jpg,0
15710.jpg,1
9999.jpg,1
19795.jpg,1
13298.jpg,1
14213.jpg,0
16288.jpg,1
12145.jpg,1
13229.jpg,1
14787.jpg,1
11278.jpg,1
2927.jpg,1
13346.jpg,0
10753.jpg,0
5947.jpg,0
21335.jpg,1
7264.jpg,0
8973.jpg,0
648.jpg,0
1257.jpg,0
10814.jpg,1
6372.jpg,1
15666.jpg,0
20989.jpg,1
11628.jpg,1
16646.jpg,1
14651.jpg,1
2775.jpg,1
7065.jpg,0
9309.jpg,0
17720.jpg,0
8413.jpg,0
10607.jpg,0
13443.jpg,0
18533.jpg,1
13316.jpg,0
5789.jpg,0
20296.jpg,1
4719.jpg,1
13487.jpg,0
10505.jpg,0
19835.jpg,0
9018.jpg,0
7565.jpg,1
15143.jpg,0
18363.jpg,0
17546.jpg,1
3618.jpg,0
12196.jpg,1
7544.jpg,0
19666.jpg,1
20016.jpg,0
7353.jpg,0
8915.jpg,1
12188.jpg,1
19225.jpg,1
11094.jpg,1
9747.jpg,1
5040.jpg,1
7926.jpg,0
5940.jpg,1
8136.jpg,1
9473.jpg,0
3600.jpg,1
4367.jpg,1
2447.jpg,0
6636.jpg,0
13183.jpg,0
13062.jpg,1
8752.jpg,0
19902.jpg,0
8388.jpg,1
15228.jpg,0
10519.jpg,1
9448.jpg,1
6035.jpg,1
4863.jpg,1
21456.jpg,1
9784.jpg,0
15321.jpg,1
7141.jpg,1
12821.jpg,1
5841.jpg,1
7415.jpg,0
10068.jpg,0
10925.jpg,1
11105.jpg,0
1040.jpg,0
19803.jpg,1
21244.jpg,1
1701.jpg,0
17483.jpg,0
3392.jpg,1
12264.jpg,1
12589.jpg,1
15875.jpg,1
13993.jpg,0
14615.jpg,0
8566.jpg,1
21422.jpg,0
14502.jpg,0
18282.jpg,0
699.jpg,1
8208.jpg,0
11322.jpg,0
11786.jpg,0
21473.jpg,1
5056.jpg,0
16496.jpg,1
13710.jpg,0
15762.jpg,1
16317.jpg,1
4576.jpg,1
19627.jpg,0
19974.jpg,1
13945.jpg,1
10178.jpg,0
14421.jpg,0
4441.jpg,1
9981.jpg,1
12622.jpg,1
7891.jpg,0
4963.jpg,0
8428.jpg,0
11695.jpg,0
5030.jpg,1
17029.jpg,0
7463.jpg,0
5611.jpg,0
14668.jpg,1
10888.jpg,0
4705.jpg,0
12059.jpg,0
17859.jpg,0
15851.jpg,0
7384.jpg,0
17841.jpg,1
12946.jpg,0
13893.jpg,0
17031.jpg,0
13508.jpg,0
17642.jpg,0
9257.jpg,0
8252.jpg,1
8508.jpg,0
19147.jpg,1
16106.jpg,1
15030.jpg,0
11631.jpg,0
13340.jpg,0
5845.jpg,1
15365.jpg,0
8318.jpg,1
14643.jpg,0
6629.jpg,1
9725.jpg,1
20115.jpg,1
7732.jpg,1
20146.jpg,0
14307.jpg,0
16676.jpg,0
6923.jpg,0
15814.jpg,0
6227.jpg,0
7414.jpg,0
5214.jpg,0
17406.jpg,0
2237.jpg,1
3945.jpg,1
14006.jpg,0
7498.jpg,0
17155.jpg,1
15356.jpg,0
8141.jpg,0
4700.jpg,0
10621.jpg,1
5189.jpg,1
18418.jpg,1
13122.jpg,0
14872.jpg,1
16602.jpg,1
785.jpg,1
4355.jpg,1
8449.jpg,0
3976.jpg,0
6934.jpg,0
15153.jpg,0
18121.jpg,1
13812.jpg,0
10269.jpg,0
16227.jpg,1
2205.jpg,0
8590.jpg,0
4342.jpg,0
6951.jpg,0
4916.jpg,1
7965.jpg,0
12340.jpg,1
6037.jpg,1
14623.jpg,0
6419.jpg,1
10399.jpg,1
11033.jpg,0
11093.jpg,1
19049.jpg,0
13164.jpg,1
11043.jpg,1
18634.jpg,0
7488.jpg,1
13069.jpg,1
10174.jpg,0
18044.jpg,0
5406.jpg,0
7992.jpg,1
2492.jpg,1
11418.jpg,0
19212.jpg,1
1531.jpg,1
11821.jpg,0
16257.jpg,0
17016.jpg,0
5425.jpg,0
7889.jpg,0
5247.jpg,0
7699.jpg,1
9184.jpg,0
16190.jpg,0
8298.jpg,0
13407.jpg,1
8602.jpg,0
1143.jpg,1
3719.jpg,1
12398.jpg,0
9266.jpg,0
14609.jpg,0
9375.jpg,1
19606.jpg,1
5427.jpg,1
17566.jpg,0
21451.jpg,1
13323.jpg,0
15246.jpg,0
18529.jpg,0
11373.jpg,1
10244.jpg,0
15310.jpg,1
19437.jpg,1
18899.jpg,1
19836.jpg,1
9745.jpg,1
20409.jpg,0
9402.jpg,1
13712.jpg,1
18275.jpg,0
15200.jpg,0
3681.jpg,0
16825.jpg,1
5296.jpg,1
13272.jpg,0
8212.jpg,0
3731.jpg,0
15521.jpg,0
15780.jpg,0
7205.jpg,1
4986.jpg,1
9189.jpg,0
8513.jpg,1
21053.jpg,0
14925.jpg,1
4985.jpg,1
11180.jpg,0
19676.jpg,0
1111.jpg,1
12005.jpg,0
10090.jpg,0
8779.jpg,1
14465.jpg,0
4431.jpg,0
11461.jpg,0
16222.jpg,0
7962.jpg,0
9249.jpg,1
5217.jpg,1
6758.jpg,1
8023.jpg,0
8868.jpg,0
13223.jpg,1
14544.jpg,0
16678.jpg,0
9912.jpg,1
7541.jpg,1
2168.jpg,1
18745.jpg,1
11176.jpg,0
15367.jpg,0
19209.jpg,1
8911.jpg,1
14730.jpg,1
13522.jpg,1
9950.jpg,1
11860.jpg,1
19738.jpg,1
10099.jpg,1
9363.jpg,0
2285.jpg,1
15736.jpg,0
21056.jpg,0
15150.jpg,1
4874.jpg,1
10605.jpg,0
11049.jpg,0
20136.jpg,1
7743.jpg,0
13809.jpg,1
2633.jpg,0
11116.jpg,0
16330.jpg,0
320.jpg,1
9303.jpg,1
16067.jpg,0
12591.jpg,1
8626.jpg,1
4840.jpg,1
10382.jpg,0
8578.jpg,1
11426.jpg,0
12830.jpg,0
4790.jpg,0
22286.jpg,0
19776.jpg,0
7310.jpg,1
11640.jpg,1
10586.jpg,0
20129.jpg,0
9322.jpg,0
3153.jpg,0
7433.jpg,0
17923.jpg,1
4513.jpg,0
14214.jpg,0
17993.jpg,0
13853.jpg,1
19139.jpg,0
1702.jpg,1
19236.jpg,0
10879.jpg,0
2065.jpg,0
11613.jpg,0
9927.jpg,1
13342.jpg,1
11061.jpg,0
5864.jpg,1
15566.jpg,1
4158.jpg,1
13194.jpg,1
18244.jpg,1
17474.jpg,1
11038.jpg,1
13556.jpg,0
15439.jpg,0
17104.jpg,0
5809.jpg,1
3412.jpg,0
13224.jpg,0
9983.jpg,0
16261.jpg,0
5230.jpg,1
13660.jpg,0
4206.jpg,0
15056.jpg,0
10849.jpg,1
15501.jpg,0
19694.jpg,0
14146.jpg,1
9137.jpg,0
9602.jpg,0
13594.jpg,0
13358.jpg,1
5009.jpg,0
5042.jpg,0
16348.jpg,0
13400.jpg,1
5702.jpg,1
6553.jpg,0
17326.jpg,0
5583.jpg,1
8636.jpg,0
17595.jpg,1
10841.jpg,0
16022.jpg,1
6296.jpg,1
9751.jpg,1
14792.jpg,1
15488.jpg,0
7042.jpg,1
5390.jpg,0
14197.jpg,1
11330.jpg,0
5803.jpg,0
16425.jpg,1
12550.jpg,0
5599.jpg,1
13604.jpg,1
16225.jpg,1
7666.jpg,1
10545.jpg,0
19595.jpg,0
7934.jpg,0
9551.jpg,0
17070.jpg,1
13879.jpg,1
4371.jpg,1
6829.jpg,0
16567.jpg,0
2880.jpg,1
2571.jpg,0
5877.jpg,0
7316.jpg,0
15378.jpg,0
8018.jpg,0
6811.jpg,1
13095.jpg,1
8924.jpg,0
14882.jpg,0
9544.jpg,1
17321.jpg,1
12015.jpg,1
7908.jpg,0
7948.jpg,0
12885.jpg,0
1686.jpg,0
9031.jpg,1
14496.jpg,1
8656.jpg,1
7642.jpg,1
14411.jpg,0
15995.jpg,1
979.jpg,1
7953.jpg,0
14915.jpg,0
7491.jpg,1
11984.jpg,0
9382.jpg,1
14302.jpg,1
17036.jpg,0
10664.jpg,0
9154.jpg,1
19328.jpg,0
16484.jpg,1
6772.jpg,1
15199.jpg,1
17552.jpg,0
8004.jpg,1
8562.jpg,0
8255.jpg,1
14367.jpg,0
16589.jpg,1
11036.jpg,1
17234.jpg,1
21181.jpg,0
6075.jpg,0
5478.jpg,1
19866.jpg,0
8539.jpg,0
14988.jpg,0
9854.jpg,0
16971.jpg,1
14364.jpg,1
14161.jpg,1
13413.jpg,0
11232.jpg,1
16447.jpg,1
9895.jpg,1
15339.jpg,0
9328.jpg,0
12408.jpg,1
9501.jpg,1
15711.jpg,1
1572.jpg,0
18289.jpg,0
4304.jpg,1
19275.jpg,1
16414.jpg,1
8158.jpg,0
18611.jpg,0
12471.jpg,1
15892.jpg,0
15133.jpg,1
3377.jpg,0
4458.jpg,1
21726.jpg,1
14378.jpg,0
20302.jpg,0
10927.jpg,0
5580.jpg,1
9267.jpg,0
11496.jpg,1
8765.jpg,1
19254.jpg,0
6157.jpg,0
16734.jpg,1
10852.jpg,0
5038.jpg,1
5703.jpg,0
13078.jpg,1
3843.jpg,0
7077.jpg,0
2093.jpg,1
3528.jpg,0
8081.jpg,1
12119.jpg,1
16401.jpg,1
8913.jpg,1
17600.jpg,1
20952.jpg,1
9659.jpg,1
3091.jpg,0
15716.jpg,0
2276.jpg,1
12799.jpg,0
10257.jpg,0
19539.jpg,0
18703.jpg,1
15512.jpg,1
18972.jpg,0
12367.jpg,1
11134.jpg,1
21490.jpg,1
18372.jpg,1
10110.jpg,0
18772.jpg,1
5998.jpg,1
13357.jpg,0
13113.jpg,1
11385.jpg,1
8478.jpg,0
6107.jpg,1
13473.jpg,0
19336.jpg,0
5233.jpg,0
15176.jpg,0
2257.jpg,0
2209.jpg,0
9492.jpg,1
9508.jpg,1
9389.jpg,1
5306.jpg,0
7489.jpg,1
10321.jpg,1
11547.jpg,1
20187.jpg,0
7354.jpg,0
13011.jpg,1
9740.jpg,1
8481.jpg,0
19052.jpg,1
8928.jpg,1
12714.jpg,0
13564.jpg,0
6331.jpg,0
20622.jpg,1
5442.jpg,0
17725.jpg,1
3695.jpg,1
13475.jpg,1
7529.jpg,0
14689.jpg,1
5543.jpg,1
13939.jpg,1
13864.jpg,0
12372.jpg,0
13014.jpg,1
5223.jpg,0
8311.jpg,0
9582.jpg,0
16138.jpg,1
17791.jpg,0
1369.jpg,1
13125.jpg,0
8902.jpg,0
10719.jpg,1
14920.jpg,1
8087.jpg,0
6748.jpg,1
17351.jpg,0
11610.jpg,1
11241.jpg,0
18419.jpg,1
2403.jpg,0
19350.jpg,1
12460.jpg,0
20656.jpg,0
17340.jpg,1
7527.jpg,0
10440.jpg,0
13992.jpg,1
16951.jpg,0
6714.jpg,0
8150.jpg,1
6695.jpg,0
8156.jpg,0
11772.jpg,1
3943.jpg,0
10829.jpg,0
7005.jpg,1
17218.jpg,1
11442.jpg,0
6434.jpg,0
12957.jpg,1
5051.jpg,1
10504.jpg,0
13959.jpg,0
10618.jpg,1
17844.jpg,1
2703.jpg,0
10999.jpg,1
8929.jpg,1
17148.jpg,1
5014.jpg,0
20211.jpg,0
2487.jpg,0
2987.jpg,1
8106.jpg,0
20709.jpg,1
11030.jpg,1
20272.jpg,0
6730.jpg,1
17298.jpg,0
3055.jpg,1
13496.jpg,0
13058.jpg,1
4962.jpg,0
6051.jpg,0
14952.jpg,0
11090.jpg,0
14332.jpg,1
20292.jpg,1
15802.jpg,0
4661.jpg,0
8128.jpg,0
9169.jpg,0
4578.jpg,1
13108.jpg,1
6187.jpg,1
10407.jpg,0
16416.jpg,0
15217.jpg,0
15039.jpg,0
19113.jpg,0
19697.jpg,0
865.jpg,0
17678.jpg,1
7763.jpg,0
12017.jpg,0
19173.jpg,0
2985.jpg,0
11350.jpg,0
4619.jpg,0
10634.jpg,0
9062.jpg,0
8619.jpg,0
13585.jpg,1
12046.jpg,1
12936.jpg,0
20168.jpg,1
14972.jpg,0
8854.jpg,1
11995.jpg,1
7867.jpg,0
10051.jpg,0
16919.jpg,1
12552.jpg,0
13571.jpg,1
10139.jpg,1
6919.jpg,1
6509.jpg,0
10237.jpg,0
8296.jpg,1
11940.jpg,1
12350.jpg,1
12969.jpg,1
9199.jpg,1
8700.jpg,1
16403.jpg,1
20807.jpg,1
16336.jpg,1
14165.jpg,1
9718.jpg,1
8998.jpg,0
10283.jpg,1
12697.jpg,1
3142.jpg,1
12974.jpg,0
17903.jpg,1
8880.jpg,1
3624.jpg,0
7117.jpg,1
6044.jpg,1
17704.jpg,0
19108.jpg,0
10632.jpg,1
14912.jpg,0
18393.jpg,0
9843.jpg,1
9545.jpg,1
5326.jpg,0
12514.jpg,0
13182.jpg,1
20305.jpg,1
21773.jpg,1
15603.jpg,1
7979.jpg,0
9779.jpg,1
14080.jpg,1
9815.jpg,0
5993.jpg,0
6525.jpg,0
11908.jpg,0
19839.jpg,0
9752.jpg,0
11641.jpg,1
6330.jpg,1
7408.jpg,0
8480.jpg,0
9142.jpg,1
6315.jpg,0
14516.jpg,1
12225.jpg,0
3511.jpg,1
6899.jpg,0
14906.jpg,1
2172.jpg,1
9642.jpg,0
8762.jpg,0
10011.jpg,0
12757.jpg,1
8231.jpg,1
10697.jpg,1
20120.jpg,0
15410.jpg,1
11300.jpg,0
14402.jpg,1
18665.jpg,1
10543.jpg,1
5361.jpg,1
10163.jpg,0
17486.jpg,1
12354.jpg,0
13274.jpg,1
15627.jpg,1
18975.jpg,0
14958.jpg,0
12611.jpg,0
9831.jpg,0
13056.jpg,1
16356.jpg,1
9019.jpg,0
556.jpg,1
4917.jpg,1
7576.jpg,1
16424.jpg,1
18851.jpg,1
13706.jpg,0
5801.jpg,0
12962.jpg,0
7229.jpg,1
7434.jpg,0
3414.jpg,1
5331.jpg,0
10665.jpg,0
12111.jpg,1
11379.jpg,0
19216.jpg,0
9889.jpg,0
11047.jpg,0
10674.jpg,1
19470.jpg,0
17692.jpg,0
3698.jpg,1
21143.jpg,1
1017.jpg,1
19910.jpg,1
12044.jpg,1
15954.jpg,1
8571.jpg,1
13267.jpg,0
6033.jpg,1
16605.jpg,0
8543.jpg,0
14382.jpg,0
5653.jpg,1
19324.jpg,0
6070.jpg,1
886.jpg,1
9807.jpg,0
17188.jpg,0
7291.jpg,1
19397.jpg,0
17593.jpg,1
11658.jpg,1
3982.jpg,0
12075.jpg,0
6162.jpg,0
17059.jpg,0
13624.jpg,0
15248.jpg,1
8784.jpg,0
13451.jpg,1
11879.jpg,1
20694.jpg,1
13861.jpg,0
12499.jpg,0
10111.jpg,1
9972.jpg,1
19219.jpg,1
19086.jpg,0
16294.jpg,1
6682.jpg,0
10318.jpg,0
12731.jpg,0
7290.jpg,0
5208.jpg,0
3728.jpg,1
9261.jpg,1
20507.jpg,1
8020.jpg,1
16346.jpg,0
6040.jpg,1
7192.jpg,1
18729.jpg,1
14004.jpg,1
11844.jpg,0
7901.jpg,0
19905.jpg,1
10735.jpg,1
5147.jpg,1
17722.jpg,1
16287.jpg,1
11206.jpg,0
11288.jpg,1
4325.jpg,0
5898.jpg,0
14486.jpg,1
5987.jpg,0
10941.jpg,0
8662.jpg,0
12912.jpg,1
10005.jpg,1
14470.jpg,1
21643.jpg,1
19973.jpg,1
14738.jpg,1
7916.jpg,1
9271.jpg,1
10067.jpg,0
12314.jpg,0
17663.jpg,0
8957.jpg,1
11932.jpg,0
20974.jpg,0
21028.jpg,1
11083.jpg,1
20392.jpg,1
14564.jpg,1
17028.jpg,1
16291.jpg,0
15742.jpg,0
13302.jpg,0
20552.jpg,0
20126.jpg,1
14603.jpg,1
8398.jpg,1
7155.jpg,0
19290.jpg,1
11678.jpg,1
5495.jpg,1
15757.jpg,1
989.jpg,0
18749.jpg,1
13136.jpg,0
21510.jpg,1
10514.jpg,0
15332.jpg,1
14594.jpg,1
8802.jpg,1
7259.jpg,1
13863.jpg,1
2215.jpg,1
3438.jpg,1
17342.jpg,0
20822.jpg,1
20438.jpg,1
3225.jpg,0
6413.jpg,0
21171.jpg,0
22447.jpg,0
15939.jpg,0
12200.jpg,0
13740.jpg,0
5619.jpg,0
8770.jpg,0
6812.jpg,1
6397.jpg,0
11388.jpg,0
4952.jpg,0
10059.jpg,1
4333.jpg,0
11310.jpg,0
19253.jpg,1
3036.jpg,1
9864.jpg,1
19715.jpg,1
17787.jpg,1
6242.jpg,0
17795.jpg,1
14712.jpg,0
12280.jpg,0
17746.jpg,0
9343.jpg,0
9587.jpg,0
5412.jpg,1
6341.jpg,0
7626.jpg,1
12682.jpg,1
11909.jpg,0
15538.jpg,1
8711.jpg,1
5388.jpg,0
6786.jpg,0
19065.jpg,0
5457.jpg,1
15537.jpg,1
4630.jpg,1
17811.jpg,0
16957.jpg,1
2083.jpg,0
14461.jpg,0
9615.jpg,0
10645.jpg,1
13440.jpg,1
16888.jpg,1
19495.jpg,0
13057.jpg,1
15216.jpg,1
9516.jpg,1
15832.jpg,0
11848.jpg,0
11993.jpg,1
13760.jpg,0
8246.jpg,1
2765.jpg,1
15234.jpg,0
2551.jpg,0
17834.jpg,0
6865.jpg,0
2024.jpg,0
15725.jpg,0
13966.jpg,0
12601.jpg,1
16848.jpg,1
7755.jpg,0
7322.jpg,0
13946.jpg,0
7653.jpg,1
16923.jpg,1
5828.jpg,1
8503.jpg,1
14897.jpg,1
8774.jpg,0
14679.jpg,1
11573.jpg,1
13111.jpg,0
2463.jpg,1
12052.jpg,1
9098.jpg,1
15455.jpg,1
19634.jpg,0
4235.jpg,0
11615.jpg,0
9033.jpg,1
3079.jpg,1
15376.jpg,0
19489.jpg,1
9762.jpg,0
1423.jpg,0
10488.jpg,0
