Image,Class_of_image,Brand_name
020e280221.jpg,consumer_products,Unnamed
023f2fffb5.jpg,consumer_products,Unnamed
03055302c2.jpg,consumer_products,Unnamed
03096d79f6.jpg,consumer_products,Unnamed
03a8f0c877.jpg,consumer_products,Unnamed
03b046d851.jpg,consumer_products,Unnamed
03b35bb939.jpg,consumer_products,Unnamed
0446e93c6b.jpg,consumer_products,Unnamed
045619ac0e.jpg,consumer_products,Unnamed
04eb7cdb85.jpg,consumer_products,Unnamed
058c3a9f96.jpg,consumer_products,Unnamed
05b569c392.jpg,consumer_products,Unnamed
05b5f66700.jpg,consumer_products,Unnamed
05c384621a.jpg,consumer_products,Unnamed
0624cff408.jpg,consumer_products,Unnamed
06a71b5294.jpg,consumer_products,Unnamed
06aa7f7858.jpg,consumer_products,Unnamed
06adc95953.jpg,consumer_products,Unnamed
06be5008c1.jpg,consumer_products,Unnamed
07af00f3d3.jpg,consumer_products,Unnamed
08c11619d1.jpg,consumer_products,Unnamed
08e8ef2597.jpg,consumer_products,Unnamed
08f6347e00.jpg,consumer_products,Unnamed
08fdfddda3.jpg,consumer_products,Unnamed
09146fc082.jpg,consumer_products,Unnamed
0927a01985.jpg,consumer_products,Unnamed
09b0b9c31d.jpg,consumer_products,Unnamed
0a959fb916.jpg,consumer_products,Unnamed
0b207f6ba8.jpg,consumer_products,Unnamed
0b87f0b0be.jpg,consumer_products,Unnamed
0bc4ae6153.jpg,consumer_products,Unnamed
0c471547ec.jpg,consumer_products,Unnamed
0c4b43ee24.jpg,consumer_products,Unnamed
0d31585832.jpg,consumer_products,Unnamed
0d36968bc7.jpg,consumer_products,Unnamed
0d5bacdd7d.jpg,consumer_products,Unnamed
0da05cfdbc.jpg,consumer_products,Unnamed
0e078e8072.jpg,consumer_products,Unnamed
0e4e88e466.jpg,consumer_products,Unnamed
0eb517b93a.jpg,consumer_products,Unnamed
0f1a353b7f.jpg,consumer_products,Unnamed
0f6e6179c9.jpg,consumer_products,Unnamed
10c061699a.jpg,consumer_products,Unnamed
10e6336050.jpg,consumer_products,Unnamed
11c26ce35f.jpg,consumer_products,Unnamed
120951f217.jpg,consumer_products,Unnamed
13a4e3e6f7.jpg,consumer_products,Unnamed
1408f796c6.jpg,consumer_products,Unnamed
1464cb5150.jpg,consumer_products,Unnamed
146e5c0746.jpg,consumer_products,Unnamed
149569c3c4.jpg,consumer_products,Unnamed
14f4e7bd42.jpg,consumer_products,Unnamed
15f70c989d.jpg,consumer_products,Unnamed
165bd00df5.jpg,consumer_products,Unnamed
16de3dc424.jpg,consumer_products,Unnamed
16e0ad502c.jpg,consumer_products,Unnamed
16e365c7f8.jpg,consumer_products,Unnamed
17a6ec3ac5.jpg,consumer_products,Unnamed
18411b0ec7.jpg,consumer_products,Unnamed
1895e4104e.jpg,consumer_products,Unnamed
18e3c90fd0.jpg,consumer_products,Unnamed
18e8f94214.jpg,consumer_products,Unnamed
19ad2ef0a9.jpg,consumer_products,Unnamed
19fec75b66.jpg,consumer_products,Unnamed
1a8b2656b1.jpg,consumer_products,Unnamed
1a9bd9e6a3.jpg,consumer_products,Unnamed
1b3a3233a6.jpg,consumer_products,Unnamed
1bbcc63d49.jpg,consumer_products,Unnamed
1cf281d0e3.jpg,consumer_products,Unnamed
1dc92e1208.jpg,consumer_products,Unnamed
1dd29a39f9.jpg,consumer_products,Unnamed
1e01769205.jpg,consumer_products,Unnamed
1e8dc21325.jpg,consumer_products,Unnamed
2011ae8e19.jpg,consumer_products,Unnamed
205b9ea2ad.jpg,consumer_products,Unnamed
21938a8b70.jpg,consumer_products,Unnamed
2341c8f4b0.jpg,consumer_products,Unnamed
2367643745.jpg,consumer_products,Unnamed
2403a85a47.jpg,consumer_products,Unnamed
24205d7c3e.jpg,consumer_products,Unnamed
2526180522.jpg,consumer_products,Unnamed
253357ce77.jpg,consumer_products,Unnamed
25fed1cbc4.jpg,consumer_products,Unnamed
267d2f3fae.jpg,consumer_products,Unnamed
26b37c8244.jpg,consumer_products,Unnamed
26efd8096f.jpg,consumer_products,Unnamed
2717256dd7.jpg,consumer_products,Unnamed
2976b42333.jpg,consumer_products,Unnamed
2a0da8b3cb.jpg,consumer_products,Unnamed
2b5f360a1a.jpg,consumer_products,Unnamed
2b65eccb4c.jpg,consumer_products,Unnamed
2baf02f8cc.jpg,consumer_products,Unnamed
2bc0478e45.jpg,consumer_products,Unnamed
2bf33ceebb.jpg,consumer_products,Unnamed
2c0d0ed5bf.jpg,consumer_products,Unnamed
2c5bfa6ce1.jpg,consumer_products,Unnamed
2c626e3f75.jpg,consumer_products,Unnamed
2c803ff0a0.jpg,consumer_products,Unnamed
2da5ba205f.jpg,consumer_products,Unnamed
2ddfab1378.jpg,consumer_products,Unnamed
2de4c86d32.jpg,consumer_products,Unnamed
2e3d8251ca.jpg,consumer_products,Unnamed
2eff8a20a3.jpg,consumer_products,Unnamed
2f559cd1b7.jpg,consumer_products,Unnamed
2f907b9e6f.jpg,consumer_products,Unnamed
2f9ccda63b.jpg,consumer_products,Unnamed
2fb7cdb336.jpg,consumer_products,Unnamed
30bbceb509.jpg,consumer_products,Unnamed
30caf83c1e.jpg,consumer_products,Unnamed
30f3f95795.jpg,consumer_products,Unnamed
316343e66f.jpg,consumer_products,Unnamed
32e3860f64.jpg,consumer_products,Unnamed
332e8283b0.jpg,consumer_products,Unnamed
3358b724a2.jpg,consumer_products,Unnamed
3360ccc0b2.jpg,consumer_products,Unnamed
33793aa0ed.jpg,consumer_products,Unnamed
341dd8d431.jpg,consumer_products,Unnamed
348d750d8c.jpg,consumer_products,Unnamed
34ad41ee50.jpg,consumer_products,Unnamed
34f5748bf8.jpg,consumer_products,Unnamed
3512ca433b.jpg,consumer_products,Unnamed
3518d3a9e8.jpg,consumer_products,Unnamed
35398d0d61.jpg,consumer_products,Unnamed
353b753084.jpg,consumer_products,Unnamed
35708cfea7.jpg,consumer_products,Unnamed
362037db5e.jpg,consumer_products,Unnamed
3690f45b0d.jpg,consumer_products,Unnamed
36a515220b.jpg,consumer_products,Unnamed
370f1129f3.jpg,consumer_products,Unnamed
372f60d4c2.jpg,consumer_products,Unnamed
37b8b95330.jpg,consumer_products,Unnamed
3853c3aad6.jpg,consumer_products,Unnamed
386f26c9ef.jpg,consumer_products,Unnamed
38ce33b0a3.jpg,consumer_products,Unnamed
39320e9095.jpg,consumer_products,Unnamed
39b6b95e64.jpg,consumer_products,Unnamed
39bd7d94e6.jpg,consumer_products,Unnamed
39ee899aaf.jpg,consumer_products,Unnamed
3a489546cd.jpg,consumer_products,Unnamed
3a8cb219ca.jpg,consumer_products,Unnamed
3b226ec1cf.jpg,consumer_products,Unnamed
3bc677359b.jpg,consumer_products,Unnamed
3be1e37faf.jpg,consumer_products,Unnamed
3c1b31db10.jpg,consumer_products,Unnamed
3c9c5e9d2e.jpg,consumer_products,Unnamed
3cdf977138.jpg,consumer_products,Unnamed
3cea583216.jpg,consumer_products,Unnamed
3daef1ee68.jpg,consumer_products,Unnamed
3ddfb2fc24.jpg,consumer_products,Unnamed
3e235d646e.jpg,consumer_products,Unnamed
3e97c4456b.jpg,consumer_products,Unnamed
3efa873f70.jpg,consumer_products,Unnamed
3f33579987.jpg,consumer_products,Unnamed
3f75b6cde5.jpg,consumer_products,Unnamed
3fe7527c8b.jpg,consumer_products,Unnamed
40bed13676.jpg,consumer_products,Unnamed
40daa41d0c.jpg,consumer_products,Unnamed
42ea99b437.jpg,consumer_products,Unnamed
42ee0c8bd5.jpg,consumer_products,Unnamed
4371811755.jpg,consumer_products,Unnamed
4478205463.jpg,consumer_products,Unnamed
453d9b067a.jpg,consumer_products,Unnamed
45e07e9cdc.jpg,consumer_products,Unnamed
4638b5ae9f.jpg,consumer_products,Unnamed
4675c83b22.jpg,consumer_products,Unnamed
484415cbdc.jpg,consumer_products,Unnamed
4867bf299f.jpg,consumer_products,Unnamed
48c8d6efbe.jpg,consumer_products,Unnamed
49325378ed.jpg,consumer_products,Unnamed
4938d4f635.jpg,consumer_products,Unnamed
49a6c3d8f9.jpg,consumer_products,Unnamed
49f8d7fcbc.jpg,consumer_products,Unnamed
4a25371b85.jpg,consumer_products,Unnamed
4a2dffd315.jpg,consumer_products,Unnamed
4a5eb9e0ef.jpg,consumer_products,Unnamed
4ab609cdfa.jpg,consumer_products,Unnamed
4af37401fe.jpg,consumer_products,Unnamed
4b117d9323.jpg,consumer_products,Unnamed
4b3530d066.jpg,consumer_products,Unnamed
4bc250bac9.jpg,consumer_products,Unnamed
4c64f4a62f.jpg,consumer_products,Unnamed
4e8b4c4dda.jpg,consumer_products,Unnamed
500aa4514f.jpg,consumer_products,Unnamed
5022a4ce6d.jpg,consumer_products,Unnamed
504303cacc.jpg,consumer_products,Unnamed
506642503d.jpg,consumer_products,Unnamed
519e9a7a16.jpg,consumer_products,Unnamed
51f8c3cfbe.jpg,consumer_products,Unnamed
533c786e32.jpg,consumer_products,Unnamed
5379838a96.jpg,consumer_products,Unnamed
5464645759.jpg,consumer_products,Unnamed
549d66fff2.jpg,consumer_products,Unnamed
553a249ee7.jpg,consumer_products,Unnamed
5558cef3cb.jpg,consumer_products,Unnamed
55717b49e0.jpg,consumer_products,Unnamed
569658004a.jpg,consumer_products,Unnamed
56dbc88d93.jpg,consumer_products,Unnamed
5739f2ddc7.jpg,consumer_products,Unnamed
58b6fa342e.jpg,consumer_products,Unnamed
58ed2b0ef0.jpg,consumer_products,Unnamed
59345377d6.jpg,consumer_products,Unnamed
5948642a76.jpg,consumer_products,Unnamed
59a3a5519a.jpg,consumer_products,Unnamed
5ab78972c0.jpg,consumer_products,Unnamed
5af7d6af05.jpg,consumer_products,Unnamed
5b0abfff44.jpg,consumer_products,Unnamed
5b6e27616a.jpg,consumer_products,Unnamed
5ca33e2303.jpg,consumer_products,Unnamed
5cc5c14214.jpg,consumer_products,Unnamed
5d12cf14c3.jpg,consumer_products,Unnamed
5d6f827909.jpg,consumer_products,Unnamed
5dca6aa650.jpg,consumer_products,Unnamed
5ec5fd355a.jpg,consumer_products,Unnamed
5ecbd36efe.jpg,consumer_products,Unnamed
5ee3bb2495.jpg,consumer_products,Unnamed
612b378195.jpg,consumer_products,Unnamed
618760c1e8.jpg,consumer_products,Unnamed
61e9e68a05.jpg,consumer_products,Unnamed
6273c0971f.jpg,consumer_products,Unnamed
641e242453.jpg,consumer_products,Unnamed
648ae17f09.jpg,consumer_products,Unnamed
650318524d.jpg,consumer_products,Unnamed
65073a4acf.jpg,consumer_products,Unnamed
65611294a0.jpg,consumer_products,Unnamed
6572eec1e1.jpg,consumer_products,Unnamed
66fdb64235.jpg,consumer_products,Unnamed
69aff4db2a.jpg,consumer_products,Unnamed
6a52bd010b.jpg,consumer_products,Unnamed
6af0ae154d.jpg,consumer_products,Unnamed
6b204368f7.jpg,consumer_products,Unnamed
6baee62da9.jpg,consumer_products,Unnamed
6bd24543ba.jpg,consumer_products,Unnamed
6c6c933fd5.jpg,consumer_products,Unnamed
6c8c87cc7b.jpg,consumer_products,Unnamed
6d12849c4f.jpg,consumer_products,Unnamed
6ddd641d67.jpg,consumer_products,Unnamed
6eab8055bd.jpg,consumer_products,Unnamed
6ee82bead8.jpg,consumer_products,Unnamed
6f92a507a6.jpg,consumer_products,Unnamed
6fb0f00e16.jpg,consumer_products,Unnamed
6fc905989a.jpg,consumer_products,Unnamed
6ff13105f3.jpg,consumer_products,Unnamed
706f9c5d22.jpg,consumer_products,Unnamed
70b39beaab.jpg,consumer_products,Unnamed
7137b9dc4a.jpg,consumer_products,Unnamed
72c9f171b5.jpg,consumer_products,Unnamed
730176766c.jpg,consumer_products,Unnamed
732a0059e5.jpg,consumer_products,Unnamed
7425e9f373.jpg,consumer_products,Unnamed
74357e43ea.jpg,consumer_products,Unnamed
75fa04349a.jpg,consumer_products,Unnamed
76116c50d3.jpg,consumer_products,Unnamed
76381c2edf.jpg,consumer_products,Unnamed
765512a0ee.jpg,consumer_products,Unnamed
7818c8c799.jpg,consumer_products,Unnamed
7852900361.jpg,consumer_products,Unnamed
79fddd25a6.jpg,consumer_products,Unnamed
7bf259e587.jpg,consumer_products,Unnamed
7bfb3e58e1.jpg,consumer_products,Unnamed
7c991781c5.jpg,consumer_products,Unnamed
7cf68f7f7e.jpg,consumer_products,Unnamed
7cf88a8a9c.jpg,consumer_products,Unnamed
7d1fa3fae4.jpg,consumer_products,Unnamed
7dc2e40986.jpg,consumer_products,Unnamed
7dc30713a7.jpg,consumer_products,Unnamed
7df15294d7.jpg,consumer_products,Unnamed
7e0a4a2c3a.jpg,consumer_products,Unnamed
7e104030c3.jpg,consumer_products,Unnamed
7f32118e17.jpg,consumer_products,Unnamed
7fa0d50fb3.jpg,consumer_products,Unnamed
803cf3055e.jpg,consumer_products,Unnamed
8085095440.jpg,consumer_products,Unnamed
81307d01f5.jpg,consumer_products,Unnamed
81358fabcf.jpg,consumer_products,Unnamed
8157db8b1c.jpg,consumer_products,Unnamed
8169b81db5.jpg,consumer_products,Unnamed
8206078dea.jpg,consumer_products,Unnamed
826f8e86bd.jpg,consumer_products,Unnamed
832991447c.jpg,consumer_products,Unnamed
836ba3e359.jpg,consumer_products,Unnamed
83824da9e0.jpg,consumer_products,Unnamed
8383964b23.jpg,consumer_products,Unnamed
8413676bf7.jpg,consumer_products,Unnamed
84235c3c1e.jpg,consumer_products,Unnamed
8466f835fa.jpg,consumer_products,Unnamed
847780bfe1.jpg,consumer_products,Unnamed
848a093f1c.jpg,consumer_products,Unnamed
8567df7ea0.jpg,consumer_products,Unnamed
8584319613.jpg,consumer_products,Unnamed
859f6263ea.jpg,consumer_products,Unnamed
85f15dd784.jpg,consumer_products,Unnamed
8624657723.jpg,consumer_products,Unnamed
866077e369.jpg,consumer_products,Unnamed
866e03ed7c.jpg,consumer_products,Unnamed
88101b732f.jpg,consumer_products,Unnamed
8827a8990c.jpg,consumer_products,Unnamed
888f5ac29f.jpg,consumer_products,Unnamed
89b94f6762.jpg,consumer_products,Unnamed
8a23e93362.jpg,consumer_products,Unnamed
8a46353bc7.jpg,consumer_products,Unnamed
8a6cfaae96.jpg,consumer_products,Unnamed
8b8720e1ee.jpg,consumer_products,Unnamed
8dcb7c3217.jpg,consumer_products,Unnamed
8ede6ecad3.jpg,consumer_products,Unnamed
8ee4ce45ed.jpg,consumer_products,Unnamed
8f1deb0644.jpg,consumer_products,Unnamed
8f860a55d9.jpg,consumer_products,Unnamed
90530aecaa.jpg,consumer_products,Unnamed
90bcc5a8b0.jpg,consumer_products,Unnamed
923f340d2d.jpg,consumer_products,Unnamed
92a9ffc457.jpg,consumer_products,Unnamed
93444caa74.jpg,consumer_products,Unnamed
935b6d30fb.jpg,consumer_products,Unnamed
937bb9fe35.jpg,consumer_products,Unnamed
938bd6a9cc.jpg,consumer_products,Unnamed
93a6fd707b.jpg,consumer_products,Unnamed
943818375f.jpg,consumer_products,Unnamed
95c27cfb35.jpg,consumer_products,Unnamed
96f6bebc92.jpg,consumer_products,Unnamed
979fc31d0e.jpg,consumer_products,Unnamed
97b2f43136.jpg,consumer_products,Unnamed
9858dcb64b.jpg,consumer_products,Unnamed
98e20c8c1b.jpg,consumer_products,Unnamed
99e0b53963.jpg,consumer_products,Unnamed
9a77114398.jpg,consumer_products,Unnamed
9ae4422870.jpg,consumer_products,Unnamed
9b92699285.jpg,consumer_products,Unnamed
9be3137577.jpg,consumer_products,Unnamed
9c18358900.jpg,consumer_products,Unnamed
9c380866ad.jpg,consumer_products,Unnamed
9c3963e025.jpg,consumer_products,Unnamed
9c46a006dd.jpg,consumer_products,Unnamed
9c95679307.jpg,consumer_products,Unnamed
9ca6e4c578.jpg,consumer_products,Unnamed
9d17f7f72f.jpg,consumer_products,Unnamed
9dd6db5b67.jpg,consumer_products,Unnamed
9de9483f9a.jpg,consumer_products,Unnamed
9eb2521664.jpg,consumer_products,Unnamed
9ec0eaabb0.jpg,consumer_products,Unnamed
9ec7ecd864.jpg,consumer_products,Unnamed
a02c32730e.jpg,consumer_products,Unnamed
a0d4492425.jpg,consumer_products,Unnamed
a142691188.jpg,consumer_products,Unnamed
a1cbc97b9e.jpg,consumer_products,Unnamed
a2e0a46ce7.jpg,consumer_products,Unnamed
a36c4bda06.jpg,consumer_products,Unnamed
a3ea558ed7.jpg,consumer_products,Unnamed
a46b953907.jpg,consumer_products,Unnamed
a4e4058714.jpg,consumer_products,Unnamed
a4eadbf226.jpg,consumer_products,Unnamed
a5dd04cc61.jpg,consumer_products,Unnamed
a6115391c1.jpg,consumer_products,Unnamed
a7509482a7.jpg,consumer_products,Unnamed
a78919bcee.jpg,consumer_products,Unnamed
a791f4a20b.jpg,consumer_products,Unnamed
a7cefb86b9.jpg,consumer_products,Unnamed
a91ea01df6.jpg,consumer_products,Unnamed
a9a241c246.jpg,consumer_products,Unnamed
a9d3ed46d5.jpg,consumer_products,Unnamed
aa4f85c345.jpg,consumer_products,Unnamed
aa6cc917fe.jpg,consumer_products,Unnamed
ab3d56d90f.jpg,consumer_products,Unnamed
ac19621401.jpg,consumer_products,Unnamed
acbc8f14ff.jpg,consumer_products,Unnamed
ae20dd77ca.jpg,consumer_products,Unnamed
af2b0da42c.jpg,consumer_products,Unnamed
af8b73d900.jpg,consumer_products,Unnamed
afa895ce91.jpg,consumer_products,Unnamed
afb082ebd5.jpg,consumer_products,Unnamed
b0097c6d33.jpg,consumer_products,Unnamed
b022cf6853.jpg,consumer_products,Unnamed
b05c55027b.jpg,consumer_products,Unnamed
b0ba06e2f5.jpg,consumer_products,Unnamed
b18f6eaf05.jpg,consumer_products,Unnamed
b22da51e75.jpg,consumer_products,Unnamed
b29fea809d.jpg,consumer_products,Unnamed
b4c04c182c.jpg,consumer_products,Unnamed
b4d7ef9505.jpg,consumer_products,Unnamed
b54da8f94c.jpg,consumer_products,Unnamed
b5eabaa514.jpg,consumer_products,Unnamed
b5febe586b.jpg,consumer_products,Unnamed
b60ac46697.jpg,consumer_products,Unnamed
b61bf2a5d3.jpg,consumer_products,Unnamed
b63123fc9f.jpg,consumer_products,Unnamed
b65e93740c.jpg,consumer_products,Unnamed
b66b615d52.jpg,consumer_products,Unnamed
b6e788f4df.jpg,consumer_products,Unnamed
b774167cce.jpg,consumer_products,Unnamed
b77aa418a5.jpg,consumer_products,Unnamed
b7fb94eec5.jpg,consumer_products,Unnamed
b82521286d.jpg,consumer_products,Unnamed
b84eef9130.jpg,consumer_products,Unnamed
b8718f6c35.jpg,consumer_products,Unnamed
b8867c8e1d.jpg,consumer_products,Unnamed
b9d4b58ffe.jpg,consumer_products,Unnamed
ba0fde9b17.jpg,consumer_products,Unnamed
bb0967c18d.jpg,consumer_products,Unnamed
bb78da63d0.jpg,consumer_products,Unnamed
bc3ea85a33.jpg,consumer_products,Unnamed
bcabc6c159.jpg,consumer_products,Unnamed
bd02cf2a3b.jpg,consumer_products,Unnamed
bd75062992.jpg,consumer_products,Unnamed
bf07930949.jpg,consumer_products,Unnamed
bf4b477f9d.jpg,consumer_products,Unnamed
bfc2e93658.jpg,consumer_products,Unnamed
c0be1b2a71.jpg,consumer_products,Unnamed
c13187cfdc.jpg,consumer_products,Unnamed
c19c36302f.jpg,consumer_products,Unnamed
c263cb78ca.jpg,consumer_products,Unnamed
c3968186d6.jpg,consumer_products,Unnamed
c3a10e665f.jpg,consumer_products,Unnamed
c4e391c4de.jpg,consumer_products,Unnamed
c56d8724f2.jpg,consumer_products,Unnamed
c60d4236d3.jpg,consumer_products,Unnamed
c70778ca6c.jpg,consumer_products,Unnamed
c724d93fe8.jpg,consumer_products,Unnamed
c7c9ba18df.jpg,consumer_products,Unnamed
c87be33ce6.jpg,consumer_products,Unnamed
c8f69d11f3.jpg,consumer_products,Unnamed
c9476867d3.jpg,consumer_products,Unnamed
c95ebc3905.jpg,consumer_products,Unnamed
c9afc8aa61.jpg,consumer_products,Unnamed
ca00f65c7e.jpg,consumer_products,Unnamed
ca191e6b3b.jpg,consumer_products,Unnamed
cacc609f3e.jpg,consumer_products,Unnamed
cbe2de4f9a.jpg,consumer_products,Unnamed
cc66fd579a.jpg,consumer_products,Unnamed
ccacc7cc6d.jpg,consumer_products,Unnamed
ccf539d7b0.jpg,consumer_products,Unnamed
ce0f89d088.jpg,consumer_products,Unnamed
ce10bfeeb7.jpg,consumer_products,Unnamed
ce31d3f151.jpg,consumer_products,Unnamed
ce832631e8.jpg,consumer_products,Unnamed
d0540e0854.jpg,consumer_products,Unnamed
d0a53a0244.jpg,consumer_products,Unnamed
d0e53a897d.jpg,consumer_products,Unnamed
d11dab8a74.jpg,consumer_products,Unnamed
d2d7181333.jpg,consumer_products,Unnamed
d3b8544e0f.jpg,consumer_products,Unnamed
d3e412a1ae.jpg,consumer_products,Unnamed
d40a6a5073.jpg,consumer_products,Unnamed
d554445758.jpg,consumer_products,Unnamed
d5dfba60cb.jpg,consumer_products,Unnamed
d60d212446.jpg,consumer_products,Unnamed
d61c891715.jpg,consumer_products,Unnamed
d69db0119b.jpg,consumer_products,Unnamed
d6fa7a4207.jpg,consumer_products,Unnamed
d70ee88657.jpg,consumer_products,Unnamed
d76faff614.jpg,consumer_products,Unnamed
d88facdd2e.jpg,consumer_products,Unnamed
d8bd24ac74.jpg,consumer_products,Unnamed
d8fce29fc2.jpg,consumer_products,Unnamed
d8fd84d5f9.jpg,consumer_products,Unnamed
d988533c8a.jpg,consumer_products,Unnamed
d9ddd725ab.jpg,consumer_products,Unnamed
d9e10ad3b9.jpg,consumer_products,Unnamed
d9e7818dd3.jpg,consumer_products,Unnamed
da0f2ab5cc.jpg,consumer_products,Unnamed
da1b670315.jpg,consumer_products,Unnamed
da2a2f2c45.jpg,consumer_products,Unnamed
da88b7a2d7.jpg,consumer_products,Unnamed
da909616be.jpg,consumer_products,Unnamed
dd784602ff.jpg,consumer_products,Unnamed
dd89cf1338.jpg,consumer_products,Unnamed
dd99a17355.jpg,consumer_products,Unnamed
de21d65c2f.jpg,consumer_products,Unnamed
deb5a3c524.jpg,consumer_products,Unnamed
df480fdf52.jpg,consumer_products,Unnamed
e08d54b4ee.jpg,consumer_products,Unnamed
e0aa55f540.jpg,consumer_products,Unnamed
e0fb3e273a.jpg,consumer_products,Unnamed
e158b19b56.jpg,consumer_products,Unnamed
e1a412c01a.jpg,consumer_products,Unnamed
e20c9b81c6.jpg,consumer_products,Unnamed
e24d6205d9.jpg,consumer_products,Unnamed
e25b38ca26.jpg,consumer_products,Unnamed
e2e8fdea33.jpg,consumer_products,Unnamed
e2f6970525.jpg,consumer_products,Unnamed
e48f98c8e0.jpg,consumer_products,Unnamed
e55feecf54.jpg,consumer_products,Unnamed
e5667d8db1.jpg,consumer_products,Unnamed
e5beeb7231.jpg,consumer_products,Unnamed
e5cb88939c.jpg,consumer_products,Unnamed
e64454b2f6.jpg,consumer_products,Unnamed
e6c9e94948.jpg,consumer_products,Unnamed
e7901c6fa1.jpg,consumer_products,Unnamed
e94a0ff399.jpg,consumer_products,Unnamed
e98997e771.jpg,consumer_products,Unnamed
e9cf4c6386.jpg,consumer_products,Unnamed
ea0e37ca64.jpg,consumer_products,Unnamed
eae64eaa8b.jpg,consumer_products,Unnamed
ebb19bbec9.jpg,consumer_products,Unnamed
ec3e6b821c.jpg,consumer_products,Unnamed
ec87a29964.jpg,consumer_products,Unnamed
ed04c59bf7.jpg,consumer_products,Unnamed
ed28b97e83.jpg,consumer_products,Unnamed
ee2240fad9.jpg,consumer_products,Unnamed
ee514dd503.jpg,consumer_products,Unnamed
ef36c52ba1.jpg,consumer_products,Unnamed
ef6f17fedb.jpg,consumer_products,Unnamed
ef6f9ff712.jpg,consumer_products,Unnamed
f0393f886c.jpg,consumer_products,Unnamed
f0ddd4adb6.jpg,consumer_products,Unnamed
f16cd284a7.jpg,consumer_products,Unnamed
f208c421b8.jpg,consumer_products,Unnamed
f25d4bb750.jpg,consumer_products,Unnamed
f2f1d08ea2.jpg,consumer_products,Unnamed
f300db5d6d.jpg,consumer_products,Unnamed
f334d3501a.jpg,consumer_products,Unnamed
f467586bf4.jpg,consumer_products,Unnamed
f54be9e610.jpg,consumer_products,Unnamed
f5f3a0c062.jpg,consumer_products,Unnamed
f7d065c28b.jpg,consumer_products,Unnamed
f99eeb4b8d.jpg,consumer_products,Unnamed
fa054a4ef7.jpg,consumer_products,Unnamed
fb420cac8c.jpg,consumer_products,Unnamed
fbe37cf0b9.jpg,consumer_products,Unnamed
fbeb233880.jpg,consumer_products,Unnamed
fd9126b182.jpg,consumer_products,Unnamed
fd9730f3e7.jpg,consumer_products,Unnamed
fda6b63e64.jpg,consumer_products,Unnamed
fdd74406b0.jpg,consumer_products,Unnamed
fe311dccc8.jpg,consumer_products,Unnamed
fe3fbb7771.jpg,consumer_products,Unnamed
fe97a44d89.jpg,consumer_products,Unnamed
fe97c8f4b2.jpg,consumer_products,Unnamed
fef359ca4f.jpg,consumer_products,Unnamed
006a22fa50.jpg,toys,Unnamed
01484e7348.jpg,toys,Unnamed
015d91ab7b.jpg,toys,Unnamed
01f8ce31f6.jpg,toys,Unnamed
0313932c71.jpg,toys,Unnamed
035901786e.jpg,toys,Unnamed
04a8d576ee.jpg,toys,Unnamed
051f3acaca.jpg,toys,Unnamed
059b8436bb.jpg,toys,Unnamed
05ca4a11c0.jpg,toys,Unnamed
05f5bd6129.jpg,toys,Unnamed
064478047a.jpg,toys,Unnamed
067a2930bd.jpg,toys,Unnamed
06865667b7.jpg,toys,Unnamed
06cc625937.jpg,toys,Unnamed
0701e4e837.jpg,toys,Unnamed
073c7e5c71.jpg,toys,Unnamed
083d3a82ef.jpg,toys,Unnamed
085c4511c6.jpg,toys,Unnamed
09697beaf0.jpg,toys,Unnamed
0a1f3af3af.jpg,toys,Unnamed
0a284c5f95.jpg,toys,Unnamed
0a48c9b477.jpg,toys,Unnamed
0b25f57563.jpg,toys,Unnamed
0ba2f37813.jpg,toys,Unnamed
0bd22236d9.jpg,toys,Unnamed
0c0751229c.jpg,toys,Unnamed
0c18ec5dfb.jpg,toys,Unnamed
0c6e274829.jpg,toys,Unnamed
0c80e323ff.jpg,toys,Unnamed
0cd0f3bd5b.jpg,toys,Unnamed
0e3790d28d.jpg,toys,Unnamed
0eb09d414e.jpg,toys,Unnamed
0fb9909fbf.jpg,toys,Unnamed
102a995962.jpg,toys,Unnamed
106dd7ed68.jpg,toys,Unnamed
10afcbb0f8.jpg,toys,Unnamed
10dd9a463c.jpg,toys,Unnamed
11185cd72b.jpg,toys,Unnamed
1132ca5dae.jpg,toys,Unnamed
114d426fee.jpg,toys,Unnamed
1289803c2a.jpg,toys,Unnamed
12b0b3dd14.jpg,toys,Unnamed
12c90bcd8c.jpg,toys,Unnamed
13c2eec6f1.jpg,toys,Unnamed
13e2bd6509.jpg,toys,Unnamed
14068ac865.jpg,toys,Unnamed
140f5b88cb.jpg,toys,Unnamed
142bdf4abf.jpg,toys,Unnamed
1446f37801.jpg,toys,Unnamed
160e40bc56.jpg,toys,Unnamed
1653863905.jpg,toys,Unnamed
169644b453.jpg,toys,Unnamed
1706e60f94.jpg,toys,Unnamed
172226a73c.jpg,toys,Unnamed
18d53af661.jpg,toys,Unnamed
194805179f.jpg,toys,Unnamed
1962fd111a.jpg,toys,Unnamed
1979cc4502.jpg,toys,Unnamed
1a67829b4f.jpg,toys,Unnamed
1ab5f6ce66.jpg,toys,Unnamed
1ada0fab01.jpg,toys,Unnamed
1ae23a125c.jpg,toys,Unnamed
1b69ca8da2.jpg,toys,Unnamed
1c2a0e78d8.jpg,toys,Unnamed
1cfd868fa4.jpg,toys,Unnamed
1d40f4fbc9.jpg,toys,Unnamed
1deece205e.jpg,toys,Unnamed
1f37144658.jpg,toys,Unnamed
1f907278f1.jpg,toys,Unnamed
20675a0f17.jpg,toys,Unnamed
20ba9dfde3.jpg,toys,Unnamed
20f4e86283.jpg,toys,Unnamed
20fc6838a5.jpg,toys,Unnamed
221303b894.jpg,toys,Unnamed
2219496084.jpg,toys,Unnamed
224b49325e.jpg,toys,Unnamed
22635d85d3.jpg,toys,Unnamed
22e5795f7a.jpg,toys,Unnamed
23fd1e1c93.jpg,toys,Unnamed
24d10a5c77.jpg,toys,Unnamed
251be3bfe6.jpg,toys,Unnamed
256655ca80.jpg,toys,Unnamed
25a0b1ea22.jpg,toys,Unnamed
263903ba1d.jpg,toys,Unnamed
264f0c7815.jpg,toys,Unnamed
26505e8a90.jpg,toys,Unnamed
2657a1616c.jpg,toys,Unnamed
2705c1f073.jpg,toys,Unnamed
2783bfe10d.jpg,toys,Unnamed
283213fad7.jpg,toys,Unnamed
28405116e7.jpg,toys,Unnamed
28cb42d1dd.jpg,toys,Unnamed
28f11355fe.jpg,toys,Unnamed
28f34c848b.jpg,toys,Unnamed
294c445b8c.jpg,toys,Unnamed
29f663aeba.jpg,toys,Unnamed
2a4d48fff9.jpg,toys,Unnamed
2a52a7aac4.jpg,toys,Unnamed
2ab8e2e261.jpg,toys,Unnamed
2ad90f4a6e.jpg,toys,Unnamed
2af94f3780.jpg,toys,Unnamed
2b55e86c96.jpg,toys,Unnamed
2bab83190c.jpg,toys,Unnamed
2c3001d341.jpg,toys,Unnamed
2c928a3ea3.jpg,toys,Unnamed
2ca2a363a9.jpg,toys,Unnamed
2edc497597.jpg,toys,Unnamed
2f24330531.jpg,toys,Unnamed
2f2b3ef67f.jpg,toys,Unnamed
2f6e837f1f.jpg,toys,Unnamed
2f904bbf46.jpg,toys,Unnamed
2f97853887.jpg,toys,Unnamed
306a7fdd9f.jpg,toys,Unnamed
3071faf4f7.jpg,toys,Unnamed
30b3d30f74.jpg,toys,Unnamed
31976603b6.jpg,toys,Unnamed
323118a92a.jpg,toys,Unnamed
334939dfb7.jpg,toys,Unnamed
3365d278c7.jpg,toys,Unnamed
3456406c0b.jpg,toys,Unnamed
34864d68ad.jpg,toys,Unnamed
34ffe19b34.jpg,toys,Unnamed
35083ba2a6.jpg,toys,Unnamed
362d556b92.jpg,toys,Unnamed
36a56c82d2.jpg,toys,Unnamed
36aa9ff686.jpg,toys,Unnamed
36e5d88956.jpg,toys,Unnamed
370dd637ab.jpg,toys,Unnamed
375883574c.jpg,toys,Unnamed
37b850ac69.jpg,toys,Unnamed
37fbae6b39.jpg,toys,Unnamed
3833c5065e.jpg,toys,Unnamed
384811545f.jpg,toys,Unnamed
38d79c7c81.jpg,toys,Unnamed
392795f45f.jpg,toys,Unnamed
39faa51ccf.jpg,toys,Unnamed
3a729cf6e4.jpg,toys,Unnamed
3b43436ec2.jpg,toys,Unnamed
3c73eebf56.jpg,toys,Unnamed
3d43684ad2.jpg,toys,Unnamed
3d6b06acbf.jpg,toys,Unnamed
3dc4c7fce1.jpg,toys,Unnamed
3dd47500cd.jpg,toys,Unnamed
3dda768513.jpg,toys,Unnamed
3dda9d4070.jpg,toys,Unnamed
3ee3c03b07.jpg,toys,Unnamed
3ee795a6ab.jpg,toys,Unnamed
3f41bef158.jpg,toys,Unnamed
3fb64c259f.jpg,toys,Unnamed
402e48f6a7.jpg,toys,Unnamed
408e3e6d99.jpg,toys,Unnamed
41074c7cd3.jpg,toys,Unnamed
4127e3214e.jpg,toys,Unnamed
41ae1f6448.jpg,toys,Unnamed
41d87c81e9.jpg,toys,Unnamed
41e8ab7691.jpg,toys,Unnamed
421808af9f.jpg,toys,Unnamed
44d58f694a.jpg,toys,Unnamed
44e890e639.jpg,toys,Unnamed
4586a80251.jpg,toys,Unnamed
45dca687bb.jpg,toys,Unnamed
4649a5a978.jpg,toys,Unnamed
4701e75df2.jpg,toys,Unnamed
470a95dae8.jpg,toys,Unnamed
476ef58bef.jpg,toys,Unnamed
47f7539087.jpg,toys,Unnamed
481b1e0479.jpg,toys,Unnamed
492ffce175.jpg,toys,Unnamed
49ffeed84a.jpg,toys,Unnamed
4a2fcf1aa9.jpg,toys,Unnamed
4a5e301408.jpg,toys,Unnamed
4a70cd5b2a.jpg,toys,Unnamed
4a7f48a7d6.jpg,toys,Unnamed
4acaeeeeba.jpg,toys,Unnamed
4b826bfa7a.jpg,toys,Unnamed
4bbd9f6571.jpg,toys,Unnamed
4c81620c50.jpg,toys,Unnamed
4c86b09fcc.jpg,toys,Unnamed
4cbb6ebf6c.jpg,toys,Unnamed
4d0ea7c9d6.jpg,toys,Unnamed
4d401bc4ca.jpg,toys,Unnamed
4d70b51bec.jpg,toys,Unnamed
4da80460c6.jpg,toys,Unnamed
4e82d8cfa6.jpg,toys,Unnamed
4ebd96da1f.jpg,toys,Unnamed
4ee4d19787.jpg,toys,Unnamed
4f36874a75.jpg,toys,Unnamed
4f387c4fed.jpg,toys,Unnamed
4fa7ca0417.jpg,toys,Unnamed
509273343e.jpg,toys,Unnamed
50a37c55bb.jpg,toys,Unnamed
50bc66765b.jpg,toys,Unnamed
50c601121f.jpg,toys,Unnamed
5145a2735d.jpg,toys,Unnamed
516ac14205.jpg,toys,Unnamed
51c7d0a8bd.jpg,toys,Unnamed
51ee92b239.jpg,toys,Unnamed
5262b696a6.jpg,toys,Unnamed
52f06722cb.jpg,toys,Unnamed
5352bbc489.jpg,toys,Unnamed
53975ba508.jpg,toys,Unnamed
545c6e0d72.jpg,toys,Unnamed
5485284cd8.jpg,toys,Unnamed
54883fafac.jpg,toys,Unnamed
54981e06f7.jpg,toys,Unnamed
549a4a58e9.jpg,toys,Unnamed
54ba0b0e65.jpg,toys,Unnamed
5540efd488.jpg,toys,Unnamed
55470ad509.jpg,toys,Unnamed
5595fdf867.jpg,toys,Unnamed
559c57f7e3.jpg,toys,Unnamed
55ca2651ae.jpg,toys,Unnamed
560192068e.jpg,toys,Unnamed
5644e4592f.jpg,toys,Unnamed
5696a8c633.jpg,toys,Unnamed
56f57e266d.jpg,toys,Unnamed
58e301c546.jpg,toys,Unnamed
58e6acec9b.jpg,toys,Unnamed
59edfbde48.jpg,toys,Unnamed
5a1d407e90.jpg,toys,Unnamed
5a32d5cf01.jpg,toys,Unnamed
5af58f74fb.jpg,toys,Unnamed
5b33ff19f5.jpg,toys,Unnamed
5b3b2f4546.jpg,toys,Unnamed
5b6ac9206c.jpg,toys,Unnamed
5b7e0d260b.jpg,toys,Unnamed
5bae990937.jpg,toys,Unnamed
5c1f0be9fe.jpg,toys,Unnamed
5ccf35c47f.jpg,toys,Unnamed
5d36e8a02d.jpg,toys,Unnamed
5de68ad0e3.jpg,toys,Unnamed
5e9ba22c8f.jpg,toys,Unnamed
5ec694a39b.jpg,toys,Unnamed
5edbefb2ee.jpg,toys,Unnamed
5ee5b9a327.jpg,toys,Unnamed
600bfc0f0a.jpg,toys,Unnamed
604313b75b.jpg,toys,Unnamed
60626aa0d4.jpg,toys,Unnamed
6078b72022.jpg,toys,Unnamed
60a0d36105.jpg,toys,Unnamed
60f37bf967.jpg,toys,Unnamed
61e537777f.jpg,toys,Unnamed
624a1bd5f9.jpg,toys,Unnamed
63a3ab1e70.jpg,toys,Unnamed
63e6bf77ef.jpg,toys,Unnamed
643cea4158.jpg,toys,Unnamed
65e5292a82.jpg,toys,Unnamed
6609a84eec.jpg,toys,Unnamed
665987478a.jpg,toys,Unnamed
66c710ba7a.jpg,toys,Unnamed
66e19c2279.jpg,toys,Unnamed
6761d415e4.jpg,toys,Unnamed
6835b27a13.jpg,toys,Unnamed
6841b43c9a.jpg,toys,Unnamed
68f4aaae5d.jpg,toys,Unnamed
693fc1dd2b.jpg,toys,Unnamed
694c4321b6.jpg,toys,Unnamed
694d0bfc2d.jpg,toys,Unnamed
69f4c6e98c.jpg,toys,Unnamed
6a76d8b93a.jpg,toys,Unnamed
6a83b30bcd.jpg,toys,Unnamed
6c9754d63f.jpg,toys,Unnamed
6ce4af2188.jpg,toys,Unnamed
6d2ae0ca3e.jpg,toys,Unnamed
6d69cdf680.jpg,toys,Unnamed
6e46ecd03b.jpg,toys,Unnamed
6e70583418.jpg,toys,Unnamed
6eb7593e71.jpg,toys,Unnamed
70d9965ace.jpg,toys,Unnamed
71839c6655.jpg,toys,Unnamed
7210cf3a92.jpg,toys,Unnamed
726f3df966.jpg,toys,Unnamed
72afc56263.jpg,toys,Unnamed
7371038122.jpg,toys,Unnamed
73c5fe379b.jpg,toys,Unnamed
74a8849c0e.jpg,toys,Unnamed
74b43f3057.jpg,toys,Unnamed
74d14b16c5.jpg,toys,Unnamed
75943c706f.jpg,toys,Unnamed
75d6f5ab9d.jpg,toys,Unnamed
763aa80546.jpg,toys,Unnamed
764a21445c.jpg,toys,Unnamed
770a1183ce.jpg,toys,Unnamed
7736773c62.jpg,toys,Unnamed
77ab40af95.jpg,toys,Unnamed
787e1a1ad0.jpg,toys,Unnamed
7916f04cf6.jpg,toys,Unnamed
79e8392a5a.jpg,toys,Unnamed
79f7832e40.jpg,toys,Unnamed
7a6252e1eb.jpg,toys,Unnamed
7a973abab4.jpg,toys,Unnamed
7ab91de1fb.jpg,toys,Unnamed
7abb06d257.jpg,toys,Unnamed
7ae9a1fab9.jpg,toys,Unnamed
7b08005e1b.jpg,toys,Unnamed
7b60ec1c27.jpg,toys,Unnamed
7b6b2167e9.jpg,toys,Unnamed
7bef3a6972.jpg,toys,Unnamed
7cddbcdebc.jpg,toys,Unnamed
7d6f664952.jpg,toys,Unnamed
7e8f3e79c0.jpg,toys,Unnamed
7f3ec046d3.jpg,toys,Unnamed
7f9efa5132.jpg,toys,Unnamed
809dd92617.jpg,toys,Unnamed
8106e3519b.jpg,toys,Unnamed
8243cecca4.jpg,toys,Unnamed
8252574f1e.jpg,toys,Unnamed
826421780e.jpg,toys,Unnamed
827c1bf931.jpg,toys,Unnamed
828f7782a6.jpg,toys,Unnamed
82af2b1cbb.jpg,toys,Unnamed
82fd7a1d56.jpg,toys,Unnamed
833675339b.jpg,toys,Unnamed
83916005d5.jpg,toys,Unnamed
83968aae48.jpg,toys,Unnamed
83a936b81e.jpg,toys,Unnamed
83dd43656a.jpg,toys,Unnamed
83e1b03322.jpg,toys,Unnamed
847ff8412c.jpg,toys,Unnamed
85491c0ddb.jpg,toys,Unnamed
8552eb7080.jpg,toys,Unnamed
8588ce1ec2.jpg,toys,Unnamed
86fe07c7fe.jpg,toys,Unnamed
879c94eccd.jpg,toys,Unnamed
87b61de46d.jpg,toys,Unnamed
87d9aa0a3e.jpg,toys,Unnamed
8833a93daa.jpg,toys,Unnamed
887081ffb7.jpg,toys,Unnamed
88cb32de04.jpg,toys,Unnamed
8a6ccd3756.jpg,toys,Unnamed
8cca8d17f3.jpg,toys,Unnamed
8cd0b7647e.jpg,toys,Unnamed
8def49bd8f.jpg,toys,Unnamed
8e062f0606.jpg,toys,Unnamed
8e5e2ff54a.jpg,toys,Unnamed
8f08c162e5.jpg,toys,Unnamed
8f419f57c4.jpg,toys,Unnamed
8f85c2970a.jpg,toys,Unnamed
8f9fea2c96.jpg,toys,Unnamed
901d3d5ce2.jpg,toys,Unnamed
905ee476a5.jpg,toys,Unnamed
91304372f9.jpg,toys,Unnamed
914acb10e0.jpg,toys,Unnamed
917d1b61e2.jpg,toys,Unnamed
91cf837179.jpg,toys,Unnamed
92010f3812.jpg,toys,Unnamed
920e2d196b.jpg,toys,Unnamed
922916026b.jpg,toys,Unnamed
92ea968c6f.jpg,toys,Unnamed
9342b213a7.jpg,toys,Unnamed
9475717790.jpg,toys,Unnamed
9488eebb2c.jpg,toys,Unnamed
948f61a77e.jpg,toys,Unnamed
9493f60983.jpg,toys,Unnamed
949684f657.jpg,toys,Unnamed
94e41a79c3.jpg,toys,Unnamed
9618e931db.jpg,toys,Unnamed
96b68e4b5c.jpg,toys,Unnamed
9710f65978.jpg,toys,Unnamed
97b4e478cd.jpg,toys,Unnamed
988064e92d.jpg,toys,Unnamed
98dc3701a4.jpg,toys,Unnamed
98f77b8e95.jpg,toys,Unnamed
9964e56561.jpg,toys,Unnamed
997ee4ffc9.jpg,toys,Unnamed
998d55d3fd.jpg,toys,Unnamed
9a5f626abb.jpg,toys,Unnamed
9a6cd2fc03.jpg,toys,Unnamed
9aeedc9ff9.jpg,toys,Unnamed
9c4255819c.jpg,toys,Unnamed
9cd4db7b80.jpg,toys,Unnamed
9d0f7eff42.jpg,toys,Unnamed
9d56872a2e.jpg,toys,Unnamed
9d8c76c8c6.jpg,toys,Unnamed
9dd9c606f6.jpg,toys,Unnamed
9e6440f2c1.jpg,toys,Unnamed
9f690c851f.jpg,toys,Unnamed
9f73fd6b2a.jpg,toys,Unnamed
9faa70875c.jpg,toys,Unnamed
a03bbf1dff.jpg,toys,Unnamed
a0a15607b1.jpg,toys,Unnamed
a108876aaa.jpg,toys,Unnamed
a1115184db.jpg,toys,Unnamed
a1732feca5.jpg,toys,Unnamed
a20b96afc7.jpg,toys,Unnamed
a21cafb7cf.jpg,toys,Unnamed
a25af4c544.jpg,toys,Unnamed
a28b0692eb.jpg,toys,Unnamed
a3433ad582.jpg,toys,Unnamed
a35c230ea6.jpg,toys,Unnamed
a42d066abb.jpg,toys,Unnamed
a4501d4005.jpg,toys,Unnamed
a60b7689f5.jpg,toys,Unnamed
a6e7a450ff.jpg,toys,Unnamed
a78043a04e.jpg,toys,Unnamed
a780fbbce6.jpg,toys,Unnamed
a7a1b16aca.jpg,toys,Unnamed
a7d9fde9e2.jpg,toys,Unnamed
a86140c75e.jpg,toys,Unnamed
a8ef96e904.jpg,toys,Unnamed
a8f1c01ffa.jpg,toys,Unnamed
a98adf4f84.jpg,toys,Unnamed
a9db36364d.jpg,toys,Unnamed
ab02202d26.jpg,toys,Unnamed
ab1429859e.jpg,toys,Unnamed
ab4907c89d.jpg,toys,Unnamed
abe4e7461c.jpg,toys,Unnamed
ac30d1fee6.jpg,toys,Unnamed
acd709d96b.jpg,toys,Unnamed
ad45cf0240.jpg,toys,Unnamed
ad49206acc.jpg,toys,Unnamed
ad69a79eed.jpg,toys,Unnamed
ae432ff125.jpg,toys,Unnamed
aebeafa0f5.jpg,toys,Unnamed
afa56aadf8.jpg,toys,Unnamed
b001f45857.jpg,toys,Unnamed
b013b87b6b.jpg,toys,Unnamed
b020e04fcb.jpg,toys,Unnamed
b079253723.jpg,toys,Unnamed
b09f98cd78.jpg,toys,Unnamed
b0d3d77893.jpg,toys,Unnamed
b14bf5f922.jpg,toys,Unnamed
b156744011.jpg,toys,Unnamed
b15f8495bc.jpg,toys,Unnamed
b19940ef04.jpg,toys,Unnamed
b24f5acb16.jpg,toys,Unnamed
b286162909.jpg,toys,Unnamed
b31d107a1d.jpg,toys,Unnamed
b3f9ff1d8b.jpg,toys,Unnamed
b4796b0200.jpg,toys,Unnamed
b4d8d362db.jpg,toys,Unnamed
b5353b32bc.jpg,toys,Unnamed
b59a49afa7.jpg,toys,Unnamed
b63a279ba3.jpg,toys,Unnamed
b67bbcc0c8.jpg,toys,Unnamed
b6a67c6d11.jpg,toys,Unnamed
b71907d66a.jpg,toys,Unnamed
b7c8930564.jpg,toys,Unnamed
b878497389.jpg,toys,Unnamed
b8a2e80c81.jpg,toys,Unnamed
b974092dc8.jpg,toys,Unnamed
ba5aace52c.jpg,toys,Unnamed
bb61eb02bd.jpg,toys,Unnamed
bc0e3d8030.jpg,toys,Unnamed
bc410f51fe.jpg,toys,Unnamed
bc4c7bbb8e.jpg,toys,Unnamed
bcdcf2531b.jpg,toys,Unnamed
bce7d33cd9.jpg,toys,Unnamed
bd2cd06413.jpg,toys,Unnamed
bd99561385.jpg,toys,Unnamed
be2f3f0929.jpg,toys,Unnamed
be4108576f.jpg,toys,Unnamed
be5844a8f0.jpg,toys,Unnamed
be9d23ea69.jpg,toys,Unnamed
bee7c835ed.jpg,toys,Unnamed
bf3dcec371.jpg,toys,Unnamed
bfcf9d61ed.jpg,toys,Unnamed
bfebfa04c8.jpg,toys,Unnamed
c0348bd355.jpg,toys,Unnamed
c090a44987.jpg,toys,Unnamed
c0e350d29c.jpg,toys,Unnamed
c188fe1441.jpg,toys,Unnamed
c2fa5d3e24.jpg,toys,Unnamed
c35189cf3a.jpg,toys,Unnamed
c36a867f7d.jpg,toys,Unnamed
c3e15fa9be.jpg,toys,Unnamed
c3f59c0657.jpg,toys,Unnamed
c4183fc364.jpg,toys,Unnamed
c44edff1ac.jpg,toys,Unnamed
c4e61d99a4.jpg,toys,Unnamed
c53f2a0fa8.jpg,toys,Unnamed
c568f71b04.jpg,toys,Unnamed
c5f579a9c5.jpg,toys,Unnamed
c6296899c9.jpg,toys,Unnamed
c7192343e3.jpg,toys,Unnamed
c720597f4d.jpg,toys,Unnamed
c7680e6551.jpg,toys,Unnamed
c7b766f62d.jpg,toys,Unnamed
c82412e709.jpg,toys,Unnamed
c8332530f5.jpg,toys,Unnamed
c8701ce6b6.jpg,toys,Unnamed
ca854e245f.jpg,toys,Unnamed
cab5b43c81.jpg,toys,Unnamed
cb385834c8.jpg,toys,Unnamed
cb870db7d3.jpg,toys,Unnamed
cb90c2dfe5.jpg,toys,Unnamed
cbae81aab4.jpg,toys,Unnamed
cbb139a072.jpg,toys,Unnamed
cc113c91e1.jpg,toys,Unnamed
cc1bdf03b6.jpg,toys,Unnamed
cc5056d9fa.jpg,toys,Unnamed
ccb26fce4f.jpg,toys,Unnamed
cccbb828ad.jpg,toys,Unnamed
cdf531958a.jpg,toys,Unnamed
cdfde4ab9c.jpg,toys,Unnamed
ced618b6f8.jpg,toys,Unnamed
cefe4556a9.jpg,toys,Unnamed
cf05b89e4e.jpg,toys,Unnamed
cf0f463865.jpg,toys,Unnamed
cf38dab4f7.jpg,toys,Unnamed
d05e90d20d.jpg,toys,Unnamed
d08309b999.jpg,toys,Unnamed
d08ce2aa5f.jpg,toys,Unnamed
d09e9e22a2.jpg,toys,Unnamed
d0e591db54.jpg,toys,Unnamed
d168c538b4.jpg,toys,Unnamed
d209e71570.jpg,toys,Unnamed
d2c2a765f3.jpg,toys,Unnamed
d33d7baaa5.jpg,toys,Unnamed
d38a6089b9.jpg,toys,Unnamed
d44a52ef0a.jpg,toys,Unnamed
d462bf187e.jpg,toys,Unnamed
d54f6e7db0.jpg,toys,Unnamed
d56369507d.jpg,toys,Unnamed
d5cf5a3d88.jpg,toys,Unnamed
d5e8cb7c4f.jpg,toys,Unnamed
d5f233fcf9.jpg,toys,Unnamed
d5f30088f8.jpg,toys,Unnamed
d61d74493e.jpg,toys,Unnamed
d798005676.jpg,toys,Unnamed
d7c2623d7b.jpg,toys,Unnamed
d7f7909ee3.jpg,toys,Unnamed
d80207b5eb.jpg,toys,Unnamed
d84cfe9af4.jpg,toys,Unnamed
d8a1e1c22e.jpg,toys,Unnamed
d95e392fc2.jpg,toys,Unnamed
d9d3e36951.jpg,toys,Unnamed
da7418957b.jpg,toys,Unnamed
dae8f4314d.jpg,toys,Unnamed
db175f7339.jpg,toys,Unnamed
db69f9d859.jpg,toys,Unnamed
dce894ce7a.jpg,toys,Unnamed
de08e15d92.jpg,toys,Unnamed
de43e769c7.jpg,toys,Unnamed
de52185320.jpg,toys,Unnamed
de6659588b.jpg,toys,Unnamed
df7b5b9628.jpg,toys,Unnamed
e02d95c137.jpg,toys,Unnamed
e05d683e4c.jpg,toys,Unnamed
e1fef6cf49.jpg,toys,Unnamed
e230e76624.jpg,toys,Unnamed
e2a2901359.jpg,toys,Unnamed
e2ce6e26ae.jpg,toys,Unnamed
e34709055e.jpg,toys,Unnamed
e398c09c7d.jpg,toys,Unnamed
e3d767e87e.jpg,toys,Unnamed
e4a7fb4b81.jpg,toys,Unnamed
e614966827.jpg,toys,Unnamed
e62bdd532a.jpg,toys,Unnamed
e6b8507f83.jpg,toys,Unnamed
e6b87f4a1f.jpg,toys,Unnamed
e6de0b7173.jpg,toys,Unnamed
e6fca2095b.jpg,toys,Unnamed
e731625992.jpg,toys,Unnamed
e765ffe300.jpg,toys,Unnamed
e8191e7b8e.jpg,toys,Unnamed
e850bc1a19.jpg,toys,Unnamed
e8d8d22123.jpg,toys,Unnamed
e92e46aae3.jpg,toys,Unnamed
e9c637e725.jpg,toys,Unnamed
e9d12a012c.jpg,toys,Unnamed
ea5ef6d11f.jpg,toys,Unnamed
ea84dc987b.jpg,toys,Unnamed
eb0889be9d.jpg,toys,Unnamed
eb6313c865.jpg,toys,Unnamed
eba0b3234d.jpg,toys,Unnamed
ebda5fcbda.jpg,toys,Unnamed
ecd67fe219.jpg,toys,Unnamed
ecf5abdb24.jpg,toys,Unnamed
ed2044b81f.jpg,toys,Unnamed
ed5f84c2a0.jpg,toys,Unnamed
edd693b9ac.jpg,toys,Unnamed
ef0ce2175a.jpg,toys,Unnamed
ef586126e0.jpg,toys,Unnamed
ef7d1a9484.jpg,toys,Unnamed
efa223c4f1.jpg,toys,Unnamed
efb7d4de8e.jpg,toys,Unnamed
efe1b85343.jpg,toys,Unnamed
f0ad8410dc.jpg,toys,Unnamed
f0e6847188.jpg,toys,Unnamed
f21cb73414.jpg,toys,Unnamed
f28e0f5b14.jpg,toys,Unnamed
f372ffc339.jpg,toys,Unnamed
f45446c795.jpg,toys,Unnamed
f578daa0a3.jpg,toys,Unnamed
f58b5a6b9e.jpg,toys,Unnamed
f5ec5df766.jpg,toys,Unnamed
f62722dad3.jpg,toys,Unnamed
f64d8212e7.jpg,toys,Unnamed
f70fb54eb1.jpg,toys,Unnamed
f7a91164fd.jpg,toys,Unnamed
f9e4ce9892.jpg,toys,Unnamed
fab3f36d95.jpg,toys,Unnamed
fac52c6683.jpg,toys,Unnamed
faed3aa081.jpg,toys,Unnamed
fc02279f51.jpg,toys,Unnamed
fcb319226c.jpg,toys,Unnamed
fd2a520283.jpg,toys,Unnamed
fda64f4243.jpg,toys,Unnamed
fe13d5b93a.jpg,toys,Unnamed
fea831ee5f.jpg,toys,Unnamed
ff11b2859a.jpg,toys,Unnamed
ffbf5217ec.jpg,toys,Unnamed
