image,target
aadawlxbmapqrblgxyzarhjasgiobu.png,2.1854444
abpxvdfyhaaohzcrngcucmhffwizxs.jpg,2.709588
aclkjfvackiieiznzfcwienplielrj.jpg,2.7181594
aelkivmayxgsdjosiibfgmkvfrjvjk.jpg,2.2600658
aelzzshpfxerelefnkatpczktuxjln.jpg,2.7149317
ajnjnkvstqesvfohaptobyasrkmcnq.jpg,2.7181475
akkydnvilgvzigllmboonbqbbioocs.jpg,2.7176173
akvjfjhgayyjwrqrczjbeyoqhhajis.jpg,2.6742883
alcveyvosnywyjbmngolmnblftdoje.jpg,2.7182775
alfuzzlrjkdrrzauiswqnuvpvzfluc.jpg,2.7177136
aljnaycepveqbedxhsklixyjodpcho.jpg,2.7176414
amvorhijzrsihdqvyddkamjdyuahqm.jpg,2.7163765
autvannlbggmjsuhqbnnffyhrnyyhp.jpg,2.718103
aveecvuafgubjfweqsfyomjgyazdxs.jpg,2.7182574
ayqcgikqwwnikkwdufxnxhfixdpelp.jpg,2.5131445
bakmhsflobtjjwilhsiqynhmnrjjnq.jpg,2.7159326
bbolakporoaeojpqandvajgrojnkaj.jpg,2.455342
bcqfficwazmpxairlfnchvusputshk.jpg,2.7180133
bctvvfysokpohqxzngbuuaugtgtkov.jpg,2.7114754
bfjrheksmajsxlorqmwtpwjonzkyiv.jpg,2.7181363
bhczfsgehqldydadvfldnunftxzfdv.jpg,2.6361122
bihlsygajgvqsywzkpfbmupevnuoqh.jpg,2.7170463
bivegebpyjsmiaylkruufjevjxqydc.jpg,2.7182803
bjlwcuatbrxhdxocieancqgdlgqnma.jpg,2.7123592
bkhjxlxizjiychukanlstfpcodlubc.jpg,2.7182555
blgzlxqgcpxulfwfywadwbbeptqcol.jpg,2.3455386
blmgakpsirdrdnimkjwdnbusgactzx.jpg,2.718243
bophtvssbpnmzkxfxuvupbriwazlcz.jpg,2.7151997
botfdlboeryhmfxctjvzbqriqyonuv.jpg,2.7176547
bqjjodotjhmmchkiityjpmglknkzdq.jpg,2.7090619
bqudlucapxfguiydzopfdvuasiwscs.jpg,2.713752
broomszdrrefxhmthsxwurzfuutkft.jpeg,2.649488
bucfsqoezlveinjzzyyfiianjzrklf.jpg,2.7178473
bvrbztwngoiduyhlrnxnybuqamwdjq.jpg,2.7178788
bynakhmyescxfghpzliqaaewgtlhas.jpg,2.627958
bzdueelveubapkgmqbhzrerdmvbqtz.jpg,2.718018
ccliaukfdmqskirlsqaemkdtziyhos.jpg,2.7181013
cdugozukojbkpzksazbxqxnpxnoxts.jpg,2.6903067
cdxocpqismtjtcoiqncmocnyhqipeq.jpg,2.713425
cemwpmilmtzyyvpoxxflruiyubdzvc.jpg,2.551166
cetwookalphtxhtbwgcpzfjpmasfic.png,2.5015335
cgnarbagkiqkuvnbgidtpbpzlxxzzc.jpg,2.7089772
cjbutauggylhztvnyutbozyfqaealv.jpg,2.6208327
clcluoyktakfjgcjyjgbbrhaxjkanl.jpg,2.6876268
clibkrbidguqcugbkymxqioqwolsvv.jpg,2.7174444
csaamuupuegbgkdvhihaucddwkvgcg.jpg,2.7182527
csrqrzoyceubuehyicuwjisnsvyfuk.jpg,2.6846104
cxnmwtwjlhvwljnwzdyucnlrkwmzva.jpg,2.7166064
cxtbkqwdjxgxlieyzzfokybmrynvzt.jpg,2.4148967
cynaerknbrqzwlssknbvxqoffjfmqa.jpg,2.7014802
cytfwnqddgfmwopldwoyzfgvdshchj.jpg,2.7181795
czfaqpiyukmerduehjkdrhkhtqxbia.jpg,2.695923
dbuvujopjxofqfcsxghgeruyrhqamf.jpg,2.7180564
ddmvffnxrrqoftjquegcfyynvbpioe.jpg,2.4473581
dfbqqsvocxgkdljrvnnztyvaexmxgp.jpg,2.7174907
dgzjgjduiwcejpltzhhsdrsfrfwbhm.jpg,2.717983
dhcyrecupnqhsmwidgcgghdvkmlsfi.jpg,2.7180765
dhxbbarhojjiuoacxyzdtayykriavi.jpg,2.7179337
dihlagwlolbphxxdxmfbsmaeqqqcgs.jpeg,2.71815
djdsobvkfuoagxivxpraiusgzjozds.jpg,2.714877
dlaaovaxfeqezvculovoovlyakhlgd.jpg,2.7034583
dnzsxkpbmmtytvrlklmnbprbcwysix.jpg,2.716364
dobrsakjzqfkkwbuvhfpxgjynstyjd.jpg,2.6329741
dpnnhtmzinfjwzxeihghlsaugrseso.jpg,2.7175686
dshtrcyfhcxdnmqcpqaachrxbmraqm.png,2.1379795
dthpinelztapoyhclbpyyxijcqcsyv.jpg,2.7181451
duythftfcibydcrmobngveppsbczuq.jpg,2.718223
dveocsyrdwmmokqvzmherympxsnhjg.jpg,2.5766108
dxkxrtwzulytuhegnxjznhxxsqdvjt.jpg,2.6618645
dyintomnapqkperdaokbxbsyrgiadi.jpg,2.717019
dyjtodxzlakemnjmxwcvxezykwmvoo.jpg,2.7121136
egmlopponygomfuzzhzoextlxzgkmo.jpg,2.7148623
ejmhvjdcgulaxvqqwyuwabbwqjievn.jpg,2.5505202
ejwoiledjlwunsjpnuquukzkjhalov.jpg,2.7181082
elajrsvrogkgcerlrfjvwgzqdzjumg.jpg,2.7174544
eoeatxoppisxmubbwmpnabjbezizgx.jpg,2.4262946
eofsqiwaevaeqkxjdayeeyzhliteho.jpg,2.6728787
eowgxpfwjhfpfvoytzlejmtyxegcfx.jpg,2.7132874
epicmexrbnzcoykteovumnjlpeeejh.jpg,2.709755
eqhyxymtcmsvgesckcrjowyebhnohw.jpg,2.7179017
eqycjhiuvqojearvldxihxvmrajwtc.jpg,2.7182465
ethbvskgnyzyuirqytshhzvyzbqjxv.jpg,2.7181616
eusetdoazbgklyqcezwcacrokjcufo.jpg,2.7173696
ewrlffkoseneqgraxwhomtlwxiwekb.jpg,2.297683
eyavyurhmycfumwdjnvvxenleadrcl.jpg,2.1928773
ezmnotqwlrngiwgnwbaheeoueyxvny.jpg,2.7168674
fefhbwjojkixcapyhinlmsqvjyhjmk.jpg,2.71794
fhggkjdcfrlbgjgdohqetzvtzvzwox.jpg,2.665997
fhhipzleexntfxjqfztvtikwqlylfz.jpg,2.703782
fmkdsmhmklnzkownqsschpnomjedlx.jpg,2.7182264
fnefuqqsicuqfsymibosjdjwawrmvq.jpg,2.608341
fnkfsdjmdihrmynpqxmnrwzxessrdc.jpg,2.7180371
frpsiqoutwcdsluictnefqjbnhaojr.jpg,2.6507177
ftcupseqywfpqtfftqilalhmaanpcv.jpg,2.7178745
fuldxhllmyyhygdvrczspchtlwifqm.jpg,2.718213
fvitugrhbmzimhnlanfwqhnmtovgob.jpg,2.61522
fvlynglrxqdpvnhnaojggecbomqvbr.jpg,2.7179263
fvmrktruwpyzblmwwnubraikddamol.jpg,2.7175894
fvvzssylplidrbhtvshkkfflzatqsd.jpg,2.718257
fvyderokisqwuoqwuaoadkkvtfoeya.jpg,2.716516
fwjhmiqtdoufzyyzkjzxrhzdwkcedo.jpg,2.7174125
fxrmuuyabdjwnsveyuijcliwmywezh.jpg,2.5760338
gadijdxgeinztdiaolvtceypzbvlam.jpg,2.7181072
gbdwbyuafezgszupikmwrdivflidna.jpg,2.716379
gbfvanqxwaqvwzxuqegqaompgvsamm.jpg,2.697512
gdkceqpjaozdsbfuaapadetsdgsoyz.jpg,2.6971705
gdwbhsehebmpgcfbndlibiccryfxid.jpg,2.4551125
geadhikvjfcvvrtszjsxqnevbdvstr.jpg,2.7176905
geaxljqcgthkjujpgjqtinitobfjqe.jpg,2.7179096
geszfskhujvpyziumhlqpgptmpajtt.jpg,2.7159417
gexghbuikqpefswrouipqfgvkzdkzv.jpg,2.718119
gftflwiwqrswxrpccfpkhdftoajcws.jpg,2.7175484
ggqkntfyrhgeizstqrxlhhpwvjykbl.jpg,2.7123516
gjppsnmwvegpfaotczwscojavigasa.jpg,2.7178917
gkxlqxmuohjzxzweewniylzaxuqiit.jpg,2.7179384
glnkqsehtsemwxgfcabdouxnguoope.jpg,2.7024345
glpbrbtkrussrnfolvxynzjdfkvbin.jpg,2.7058918
gmocqhzokvhyrkohiraxixdbmcscjq.jpg,2.7173688
goxowiqsuthbriuqxiespbmeegqkvf.jpg,2.7140906
gppgpyeceknjakxhnvcgivtzqkexdt.jpg,2.6822736
gqbziiohphcmauvpfwlcpyxqqapghh.jpg,2.711362
gqyjkyvhkkgfldgfvrkwvogjnganlj.jpg,1.7204784
greuliaymizfmfvngfqmrbzayusphp.jpg,1.6784321
griokgoxjwgbtlffxnqnoefynizroa.jpg,2.7182438
gsphpflowsxvbzmqoehtwimxigmexc.jpg,2.55684
gtydqhzuwwcebasjexbrajitsqhnfh.jpg,2.7174788
gvykagbusbpbuzcvkftzaatczcevwk.png,2.7182221
gvzjodvhueivloxnomfhmpmcdbzvap.jpeg,2.6402328
gzmiyxrvuprhvkmnckztiadtirmwrj.jpg,2.6654825
haghwzucuaiwbeuerzxnrnflkytyqu.jpg,2.7136881
hddqpruzeyfpuemmkrvajzewjauqbg.jpg,2.6387289
hdftlvovpcycpipsqjnfxbzuvmlnlm.jpg,2.7167692
hdmcngrvtgikfstjgrgqfotraeffgg.jpg,2.717891
hepwugnfdvxafszdjsdmscpcvejipp.jpg,2.7075112
hhirnwzcfyhnrwbfjmhioqyosjouxm.jpg,2.5908518
hirjzqktwfoauvblgqocpnrhksqdih.jpg,2.716789
hkftgcijkghprpxyuknyfimzjlzpde.jpg,2.6411047
hnmbjysdtuiasvlabvnataindypuzu.jpg,2.7179916
hqxkkaletsjpqenfgprderxwvvdtwx.jpg,2.7168293
hsyezwcpciffcupbkadwtcqpxhlofh.jpg,2.706274
iczzwmswptqjkzgbczxmgewfkfbfbn.jpg,2.716476
idardcfquyazdghrsrbiyujmguzxnr.jpg,2.7171574
idnwoyvjflsoiwvbcleokhdfgdwqng.jpg,2.4803627
ifhrlfbitalzvqnfwqnuudutpbfpdq.jpg,2.7047398
igulitrigxyyzhhiduazzrwydlqrcv.jpg,2.6316288
ijmzxmoihywxoariplmfexcmexsibs.jpg,2.7179277
iluwkwmnrgiouhirnkfdmhnczfxivc.jpg,2.716632
ilyczntkhdwwqxgayvmewwrvonzokc.jpg,2.7177083
imkumwldsvcwkjbhwglebnqtgjuaqy.jpg,2.7182312
imzjoogcbcvsgkbekgsxdfhxdlodgb.jpg,2.7134163
inilzqtajpxhdbqrrrmvnhrzmevhkv.jpg,2.2642384
ioafahyushqhdpfinjvuormfkchmjf.jpg,2.6704986
ioedeamftahwmovcpgigwnypdhykwz.jpg,2.7076838
iosikwfhnhmqdvuymkrdeatakkdryd.jpg,2.3167832
iqpspkpytnrfnnxpbdgulrpmdssxvv.jpg,2.7137609
itsfoylidpuiehheyisjrssydwpkjs.jpg,2.7170076
itxiomwebnkfodztausaduxyrhgfrv.jpg,2.7182815
iurkzngzsfejzqwpvcogoamriplacq.jpg,2.7148368
iuzfasnekvmbbmtqetpnmrxcyopfie.jpg,2.713484
ivhqllncotctfxttkqqvwamkdeokih.jpg,2.051367
iwgumsxpuxzcolrrnfwkqidfknzjic.jpg,2.7179062
iwrrnosiwxykcwfnzdnephwjeynjvr.jpg,2.7182686
ixbtflbbatnitjiveitztqwnjfvidt.jpg,2.5357332
ixnarcfjcjzduyghjrmbpsezuhxdeb.png,2.3379385
iyyhdzhpafxpjyvrqstdlsvnhqntqw.jpg,2.7175286
jaypieocqkwftzmbzsgrkttchyhpaa.jpg,2.653799
jbmhymhbpiobylwbugudyfpnkmisbc.jpg,2.7178895
jcqewjmnixvdytkvwuvgywcblhvotx.jpg,2.625968
jdiamrvlvhyxhouxlkjrdcfoqbtzlf.jpg,2.7182472
jdmorbhddqxvqofbotgldacezkmyjt.jpg,2.7031937
jdtkbagujtkdseprtglztarncdxzqt.jpg,2.717318
jelzmmcmozeaeiswvdkwcltfccanwg.jpg,2.7079315
jgvemmdihzkjgodvehrlpacstjwnbv.jpg,2.6460876
jgwawiynmntnlhhwckjlqtijvnkjff.jpg,2.718069
jhhjxctcsxlujwhoprnevvfprddnjs.jpg,2.707574
jhvehfryklsushrvqiyjrxtybsyxjs.jpg,2.7182102
jhwecyoxnwdqysddxcjogbvlhjxrfm.jpg,2.717983
jiorwmlthejgwwbnshbuevjaunqbku.jpg,2.717641
jiuvimokosuqcqgxsjrpepfrxnudvl.jpg,2.6909041
jjqgfnkunxqxwlrjxgakwcukfoavym.jpg,2.71822
jkutvlbzwibdltuythhqtweqazglok.jpg,2.7073507
jnsjofyggzkakdsxxmptabbiksbuty.jpg,2.7036977
jnzcxqykfzbkbbgyscanfvxeqyruzh.jpg,2.7180965
jqgkxlfpzrktkyilfyuhhdyfsycanf.jpg,2.7180612
jqueszoqlgzwqzksmzanznuieydnyy.jpg,2.7181666
jsrbntbtdheogzmdzhatavcmmarvgl.jpg,2.7110846
jvcaprbropasegknsisprgwgitcrpi.jpg,2.7180378
jvpejwtddpkhiqhcikzoaojczgdwfz.jpg,2.7168982
jwdjkvvfvggphwhqatmbkjjlzdienf.jpg,2.7181067
jxtfudtgjrjafphvpcpyzvbjzkedlt.jpg,2.717426
kajnfbinymxwelbpykfzurocazkajm.jpg,2.7178822
kcnlgwxftlpioadzfmayiitkbnkpfq.jpg,2.718212
kduwskepxdwxdgfzkgnfnformtkgzg.jpg,2.71273
kebxzepgnybcvtvjqohjaclvvsqjgo.jpg,2.4450138
kfkptevnxrhoofzewofglxzxgvkdcg.jpg,2.5460296
khvoycguuitlcpjxdflbkdgyzaoexh.jpg,2.6918037
kigglxwgyxssmujauixjszahnjctrd.jpg,2.7182665
kjdbifjcnzclwxadgtmgafbcylljhm.jpg,2.7171981
kkgjefxvtjfypjsjgyhshrutwhgdml.jpg,2.7115536
klkerkiflmmwcuzjqqkvhbrazosuzb.jpg,2.7179909
kmxjicdqvpfpvrhqukkpumdscvgnob.jpg,2.7182562
krnwchletlzkiqqzgvdfhwgcweukol.jpg,2.7166326
ktfusajinfwbuflriajdptixqssvun.jpg,2.7124386
ktmunasppplitpubmrdjbiqyuaibnd.jpg,2.713697
kugkqjdlyxywogtbietnbvcmpjllwx.jpg,2.7180917
kujdzaccxtihhcwwvsnuublztrnzie.jpg,2.6813564
kvyzgviirzidxoawqeshlagmfmaqha.jpg,2.7142396
kwufgmdpyknfvezeytoywortrtkcha.jpg,2.576868
kxcrhxbyxvhqnwqwqoqmaafwikuegm.jpg,2.7172604
laaqrylcpzmanpcdilwteiuhetchzt.jpg,2.2109318
lazlpqdyqxvdtgtfuwkcplrmtcoeoq.jpg,2.7181048
lbvuqszvcwajhzclogpiprfgxiswpr.jpg,2.718262
lckpbjorlzqrhcccowfsaltairdvtd.png,2.7180858
lctzakuojllwuturyhbsoyexhyrhfb.jpg,2.7036629
leibivudzejijilbzmjwyqcgnolcbb.jpg,2.2511284
lhiwujhlwspbbgqydwewaioirumkri.jpg,2.7166226
lhrglduisvdlcgjiofvkkhvdcuaenj.jpg,2.7173889
lihqabxpdhfuuctwreixqcwwmjdvkg.jpg,2.7147071
lkzjcblzskcxgdzssgiasoddrrtouf.jpg,2.7102044
llecnksnwfhbpbcjzzijseaoxblcbo.jpg,2.689172
lmdcsyqhjxxvdfzakuhxxmcrwmqkjj.jpg,2.6960797
lmrbtgixyoyrpexyiydyqjsexswuxr.jpg,2.6930385
lnulwsjdqnzkuyyaffwimadgavuwan.jpg,2.7182472
louklilbbrpqodurfzvvejxglgocwi.jpg,2.716798
loyubqchniltkypeilmzrmwjnvjeiq.jpg,2.718072
lpozqsannlntslamuxvcfpbjttiihl.jpg,2.7182624
lpxbhrpimmbsyeufegmxiuobcblwen.jpg,2.7181153
lqfnxaohuxlvexjgebyyoyvcpvfzte.jpg,2.7168763
lsdynvygkfyqehlpwbqammadxmsctv.jpg,2.7165484
ltuibmgnhtgsfugypuufvwrqprxtfk.jpg,2.7176435
lucoklnkqcjyrxyvbgnarqspgcwrku.jpg,2.6661463
lwhltrzhopzxcxkmjnepvkfkuocyyf.jpg,2.7177625
lxxlzvrdieuyvfkeshxuisxgormmyq.png,2.7108417
lyousdaviagybwamxfwdjpjfevopkf.jpeg,2.7091238
lzjxvwtdrrtwjceqgmucfpngihgdxm.jpg,2.7182777
lzvnzvftxmsgfnxqriwbranxlyjumy.jpg,2.718274
mawbecdfltccgqymuosaxqmntvllvm.jpg,2.7159574
mbekjxyxdchvessngkvjexxfyqdrvv.jpg,2.711136
mdwgptlsdcgkglflwsqseheibugref.jpg,2.708575
meqeaivcxrtyjjlaaysnjeytrmpqmg.jpg,2.701105
mfkvaqtdkxcsozmtzpeavslszhkbvv.jpg,2.71803
mhkqlunhxjqrrnpjvwfklbzvwtrhch.jpg,2.7176273
micftikbkvjlfcuknzwfbjpjdhioxe.jpeg,2.7145061
mlkbwnogazpkcxpcdaluzexzhvbsbr.jpg,2.7182276
mragkclknhcnqosdkuvchpjdrjofso.jpg,2.7133987
mrytehdxapzyymznjhvbvkhutalisi.jpg,2.085824
mryzptvsvgrisoimspvdugeepobqkk.jpg,2.7174447
mthrpqxgvwfdlksknvymngogpppnhp.jpg,2.7153766
mtjmylupexliggdaqvuamtttjbizro.jpg,2.716063
mtkmqoxjnmplockjwdilejfsrxcbvy.jpg,2.7182033
mtqtvazpnlsfwlreocalqffwosonni.jpg,2.3118784
myruvkfrzwvlkxajpvfhdulbdsqucc.jpg,2.718243
mzaawjyklcynlmsxhziexrqskewnsl.jpg,2.7178855
mzvlhczvlelzrkrgyelzjcjtcssgpq.jpg,2.7182105
mzwwwdleaormcvlqonydhzypbhqehq.jpg,2.707816
naxcngaxukhslcyoodkgkegydlzjnu.jpg,2.7112339
nbpkndryqyojnydlzlnfibqdhnsjzo.jpg,1.7748399
nfxhlppokdjomdwvjweudtpurlmwnx.jpg,2.7036521
nhbvrxtecdhhvyyzdjumuhxwfgsnqf.jpg,2.71589
nkexoipjsbhmytzjsnvxpkqhdtqidv.jpg,2.7180574
nlhevzkzseaudpnhbawmmufkxnqyni.jpg,2.5990305
nlmpasjsptsygvnkicmsroqwepliof.jpg,2.654951
nmorsdnxcjanqzfyfjrxbvumnyihft.jpg,2.5916672
nncgaofbnlhkcvnvhajmgrxpomzzba.jpg,2.6040113
nnlxnagizcelrbzdeqpxyonlfardpk.jpg,2.6058173
noesixortoazgbkeukqoveyibvaxrc.jpg,2.7182348
nqhxoimohubxlnbgxulnralrtxyfwo.jpg,2.1888654
nrlywwygzrswfdbhjvdtakksrsvjgk.jpg,2.7181165
nrxwgfqqltfxrotfkykgknzommtzdd.jpg,2.7181246
nujqgvjxtkvnopkfyzciaziyjndntp.jpg,2.7142887
nwikmsqexytmdgyumqrfomreztdxxz.jpg,2.6672707
nxigjkucblcrgqfmwcwritnrmcjsgz.jpg,2.7142196
nxkricypqzyjopipbggbupjyjlyhtj.jpg,1.7449248
nyqzmqlebpyheacmxpeacxszlgxagk.jpg,2.7169197
nzhtmzjahmnlycpchimibdygcdkcnz.jpg,2.7181327
nzpfwndzpzskokcaqmsxlqjgdyrmhe.jpg,2.561855
ogclzsfhvbloezgkivpedxaldtahzl.jpg,2.7062829
ohiszivnnrkglfcpkvgqobmozjgrwa.jpg,2.633108
olvntotfzczjpihgsmsrdshaphevzh.jpg,2.7182577
omdjxmhixkgnqsvczwkplpjivyvdbo.jpg,2.7008266
omgrzbdrlptmmwpudagcrctzvznrap.png,2.7116416
oojheezdsmrbzaxtpeapauytvovivl.jpg,2.7173193
opdeeeogjakgkmhchcmfcfggxpcszz.jpg,2.7070837
ornhixchukzqnrcisoodqytmeeqplp.jpg,2.718159
orsoixyrasfxlkqzngwfasbadeydlh.jpg,2.7180722
orzwzwgaccsbeglnbxsitvpxcivdcm.jpg,2.4322383
osirultbdzsgmknbqrucggtqnfoljs.jpg,2.7182817
ovasoplwfuqqevywvgggocgxixnktp.jpg,1.7420254
ovyapwxepknnprboziljwxeskjuiim.jpg,2.7182028
owffonqaueruqlyakqnwwekvjaougd.jpg,2.714008
oxtgwjovwkjybnyejaezfzqerhvpqj.jpg,2.713487
padarkkzjbruayvwslkssxmumkrjsz.jpg,2.7135985
pbndybjpdykkiinslkpnepifijnsvd.jpg,2.7176552
pcoalfrhngfbattlzqaljgpzrmdiby.jpg,2.6519895
pdcxycqzkznkqntnqsmobdhagkfazw.jpg,2.7181604
pdpxzumgibtauzdnqjxumygocmkunl.jpg,2.679117
pdsjckkmbslkzreqwygyjkeyehtuwy.jpg,2.7178056
pektafvzybcgssvemzxjypfzsriqxx.jpg,2.5849137
pfruckaftscryoyslnzsaqjlrntcdh.jpg,2.7154346
phbrlkorxtxgllwntzlgujplyffcdm.jpg,2.717802
phpzhjjsvyqxouxeeaethnilycqdoz.jpg,2.7181196
piswtqhtpepgcmilxfeiegdqpofqig.jpg,2.7182708
pixwzsjkuqmcdyobcgumwetegmnyfu.jpg,2.7182076
pjtremwjwtxaqyzmyuhqrkszorrons.jpg,2.6901243
plcaliiefkehjeqojgsaiztfbluwbx.jpg,2.6449418
plhsciipiahwdvplstefomscgwxnje.jpg,2.39257
plvzvjasjncvrchqwqdwhuzotiofek.png,2.7176328
plyaiuqsdfyiowewiorerysaomwoum.jpg,2.7070804
pmlzympeefriiyldejvguoilrtbczx.jpg,2.7182195
pneabcoxhrbfqowczgsexzharlezae.jpg,2.7182136
pomnzkamhxjwtrgalmkbcevrqlijft.jpg,2.7182233
powtvfvfexvzhhubxcczdvqmuwgtil.jpg,2.7162557
ppgimbjhcwxshiqofuziffffgvnnbt.jpg,2.7165813
puffqlvmnlfcwcplpgbrgkuhgkejnl.jpg,2.717882
pwynnfibfpdkeeuzxjljusaieterpf.jpg,2.507517
pxktxhdsuefrpwxtugwuvttfgmqvyz.jpg,2.0554686
pydsgdgzcvormzgjxmsqxgizigmnqq.jpg,2.7173538
qaifzcezpnxsemsninrdanxnrecgxc.jpg,2.7123532
qasruetvxhqscyidfqsbztqteakyss.jpg,2.7176473
qcjrbqnfsvdmyjwegjlhzzzwzfdbgz.jpg,2.704806
qcwfppwrwajqvcjtzgadczsmjjglpa.jpg,2.7181053
qddqjbxtpsdrvjjdkzkycjbbrgpekf.jpg,2.6985004
qgseasopsvkydhuvnlfmzqbgjydsys.jpg,2.2508838
qipkjvcthoccixqxbsdcqgjtzmqvcq.jpg,2.7181327
qiqrvyhllvochhswibdzbsxcuyfcif.jpg,2.7063942
qjkcqczswvymlnybfyqxppcwciayzz.jpg,2.7174397
qlbqjvzglvxhtbjyjrfunwrurqrxox.jpg,2.7178571
qlbtwvbhuhkdoyzgfkmcfqwqjujjwh.jpg,2.7174735
qnpphzfhyjxoutunxsukftvlauzuug.jpg,2.7177236
qqakhuzdxoctiscdztnrzrffzgdvux.jpg,2.3408585
qsgsfxhekupbygbbjmhmgmheylbals.jpg,2.7132437
qskzbotijtjaphichunoesuwbybguk.png,2.71766
qstbmncsmqsiwmnzgipyutolniuxjd.jpg,2.6847126
qsxfaihdktxryqxchmdrhweaubkomf.jpg,2.062353
qubxzzlnsdvcesxfodgkfhnckwewmm.jpg,2.7116742
qvnxjxzghixyyysszioajgjiexgwzh.jpg,2.7182038
qwqvucqqtmtobwedwslipeohnrkuwr.jpg,2.7115235
qwylrrncmfibtlszybqsofemgweggl.jpg,2.7169003
qwztxkkzraedpivehqtrdcfdcrrsse.png,1.6657029
raoltfuznhttwcfpscjepcqakdkmey.jpg,2.7182727
rbztrgnugpkdoaxagndgdjbijoqele.jpg,2.340449
rccyeivmdwnblrlijjuyvzyxslwuhh.jpg,2.691104
rdwfgwuicmbzlnqhtyhfemjzmpyrjm.jpg,2.716495
rfbvqxxqlifrbwhfyopkxalfmvyhfy.jpg,2.717078
rjcsevtxucgtrcxvvsblkrakusacxq.jpg,2.7120633
rjidoxfzbxyeffhrkzguqdqksvwtpa.jpg,2.5198708
rjsayiylvpblfpjzyxwnejcevzncpm.jpg,2.717997
rkpymadccynfoyvmiftgekkfbbbhdi.png,2.7182617
rqxlpeljjhhifqnlrywertwvzywynb.jpg,2.547531
rrrncyqvyxkyshtdtxrtzcmltgpugh.jpg,2.7179449
rtnaqoagadatjgbczdaehqawjeuxiq.jpg,2.7182074
rwlnkupbstmcbxurjkntrubebavmjd.jpg,2.7180777
rwrhwxbhdpdvlaxkattftklqiorcpo.jpg,2.7128444
saqwjlvhyizasymcqwuumkayyalabr.jpg,2.7161965
saxrcfliklfijsofesenfhbpipucza.jpg,2.7149708
sbjiktnxorfqchvhvtresgziklndbw.jpg,2.5072107
sceudskpqcmpiutrvrjvwzrlyhusve.jpg,1.8883789
sdfklgwygtjlxmwtbggmobikmuuzaw.jpg,2.7134402
sfpwptgynidjmylpqeukgkhzqcitgm.jpg,2.718172
shtuvrpsdcmoaooaeitmnpuckoaraa.jpg,2.6246545
sipovcjjclpnpgtcypjziplmmnzblp.jpg,2.718111
siqobtmqebviudcxtjszqquivmzvil.jpg,2.7152367
smanxydzpnqbtgyhnkbkqslunnvvyg.jpg,2.711777
smoiczjaouyiefhoizeyarkxzwutbe.png,2.7152088
smudegzshenddkbjyxihvwjdrensex.jpeg,2.7164435
smwljmgvodmaektpwpvsjbgbemexkz.jpg,2.7174897
snqqviwsotitwwrblhtiabhvphphqw.jpg,2.5640576
snylansyoagwhxkcenskjanfkgpigr.jpg,2.7174482
sseuokumxzgersmrlhofzkzgrkozkq.png,2.0910382
ssidykbqfofxaqtorcftxaxtusuyvc.jpg,2.6751487
sslssipaijavmhtvbrixtbgwwnlshu.jpg,2.7158659
suvnfydgvqcgdaxlsazlxgubymvfhj.jpg,2.5649128
svegbhuohnflowxkhjvkrifgmxextf.jpg,2.6307929
syjhwwdrvsqvhmkdfyfmggthjmkvzd.jpg,2.7001019
szycncebucycdqljwiolfshxndzpcm.jpg,2.718184
tbjzvqedthirsztsnsjkfrdgroofmt.jpg,2.7171307
tewzkpvegeenvrdteiupwxlvyjyffy.jpg,2.7165139
thxqsrejgecdethcqecanudtfofcrh.jpg,2.2391973
tihnjhjilrcolmyupysvxjvqbqhvzr.jpg,2.7143376
tkekamvpuqgwyxgekdpmbvarytgffk.jpg,2.7170737
tkudaszaqtrzmyypabwhwanaqqdgsn.jpg,2.1868882
tldspzpkenscsjyokedqawzuqdbjfh.jpg,2.5992694
tlqprwlybfxysvhrnfgnplgbqgsswu.jpg,2.7182066
tmthqtrdrzwgadmsftvwpwlssemeic.jpg,2.714545
tnptubiwafwpnymkaaudzcjibkzfgp.jpg,2.7181973
tnvtseaxgaeuxslabsyczpucoervej.jpg,1.7992485
tosutnsfkotuhlqcxkyartdjribecy.jpg,1.7293673
tqpfjhcqdnetwghsusmzymjepbdnds.jpg,2.7166297
tqtohrbvnjhvqqpkcpqxihkomlzddz.jpg,2.717406
trvmaugxfpnagutconbyismxjoizzi.jpg,2.3031209
twuombcbchukiltgyoxxovvpqidulj.jpg,2.6525474
txjtghyvfckkbeihbmqcamrwmhfwfr.jpg,2.7166843
tzwrmkyyhlxjrbedtztknvlrgdmnfq.jpg,2.4461787
uapjecavqzibecgdvrlwiabgymtvdt.jpg,2.701127
ueexuzrrjzajyeojqfmglknvpzgzad.jpg,2.7031927
uemcqcfhactlnpdguyeqawxiarukdn.jpg,2.715018
uemcyhtssgjcecjovuzrmvkxqwmldt.jpg,2.7181563
ufhysrqbbzlrqymeekhvxkoqeyxbyo.jpg,2.684475
ufjcnzoabfdevufathmxztkvmlfgmd.jpg,2.718274
ujdigrxiqfjtzrjgfwpvtjsxtviztq.jpg,2.7179298
umgwufightqsnhtjyfochvdnrcsccb.jpg,2.7182298
unkvelhemzsndcplwwcplvzhztcllz.jpg,2.6864982
unwndegdcmlinkjsprkshhnpomqvwd.jpg,2.7087157
uoqujcamsyjwlwoztrnvutbgrhdtkx.jpg,2.5798228
uqpvmjbjlwceqgltplhvdxyinayphz.jpg,2.7083228
urdgcrihebtothfemyxubtwpinualu.jpg,2.6997275
urfpnxaaxslypipkziqixilgvtitse.jpg,2.7181306
usdqhnysmqfjitrxqnfxkureaphlsa.jpg,2.5444527
utjaezxnmbadaiqjqgkmdmfdzqozqr.jpg,2.7182329
utqrcmliuqbblbxeacpcofcsxvhzgz.jpeg,2.05472
uuapkpltdjmnmxgttzdtgoewvtdmkf.jpg,2.7177105
uvxtmvpwvucdhkyfjuqzrnxxgecptf.jpg,2.7180414
uxxhcjkukexpxutwqbvdjpgurqmwli.jpg,2.7182596
uyoqejdoxyisbuqsbwjwaecqutvtwg.jpg,2.7177277
uzfesehhvhqxuziizqgipuqbvjkarm.jpg,2.300686
vdntoytydbayclzrqpfguwpzhplhvj.jpg,1.9321582
versewmzeguanbftslpjlyrupgqobt.jpg,2.7171223
vhwotvbcqepkhmhuhqvbdvahsixptb.jpg,2.7165885
vivqwqshafxumvxojbcouebhpjitvw.jpg,2.6323793
vlpwwjhopipwypxltcstohkkjgudbv.jpg,2.596727
vluqtgdfiywtuveucboijzbanifapn.jpg,2.7023537
vlxbaplwagipvtfkcjbzapysqmffld.jpg,2.717479
volxwqaiygijoxnemgujucdvaxcmla.jpg,2.717355
vvbpnstpnzspemzfccnfftwnsyfosx.jpg,2.6950793
vwnowxqsikzzgaupttmtfffkbprphp.jpg,2.7182806
vwqrhobzdutxipuwgssuzjbhxumbod.jpg,1.8040329
vzqbztrjuoyuzfygogzutjfvnppmpi.jpg,2.6876466
vzygdcxwtgrkwsimilpsbttbchwjey.jpg,2.7174063
wbbujdiznmyiiqjwpjymtypyswyumo.jpg,2.7171204
wbctqgrcgqwhbywsikdklrtbmrplim.jpg,2.2481568
wbfrwkddjwawzxnikfrpffjxtowjhv.jpg,2.7181962
wcjujbvemumhadmwcgkgwahqmrhoif.jpg,2.7181172
wcnsyehazqxgakcdbtyehtkwoiwppj.jpg,2.4598103
wcydlpgrwjmptowavcltpotjbgvxhb.jpg,2.7176163
wdlioyaloeejrcvmjpixqoczoesuns.jpg,2.6878264
weipwizxckxeagywuilohlxktcrypk.jpg,2.2141426
weubnhdcwsklnxmbaoetvbzfistxwg.jpg,2.7158165
wflunumlnfgrpwisuymmudqnjobspo.jpg,2.7176752
wgkzydvcyrnzspiukwtrbmwptujyoo.jpg,2.689796
wiovvusmzmxindaealykgesxwwleql.jpg,2.7174482
wischoicbrogjyfnhdycphsaneiuwm.jpg,2.61024
wkvfouqvychfqwsmjnhkraowobkxgy.jpg,2.7179623
wleebloflbfqkneclgoekidfidccim.jpg,2.7175672
wljliaaphisemiemsxielexjlkirlv.jpg,2.7170656
wnwkpbivybsvhesdkadymsqmqopfuy.jpg,2.7063909
woazdfgnjkbxcskuamebaxedxhpszi.jpg,2.7152135
woobvdyoeohahdgjtajoywfsxmtijg.jpg,2.7162716
wooltgxaythwvbtdoruodwvmvbrpfg.jpg,2.7182665
woulzzpagnqwxegofpdnsxbytvjdki.jpg,2.7179594
wpiddqgustjsgnzcdoykwhecjmfsbo.jpg,2.7181861
wpsmdmlakitjsnypxeecpajkecrgqw.jpg,2.3906848
wpujnxoeirxcyjiiezydfkaxksrdwg.jpg,2.718225
wqzkxqasodsnxcugavcqsuqmdwqfoa.png,2.7173939
wrtiyoywiyiawtrnbizxykeqjoesmb.jpg,2.679052
wtcbodbqepiirrtgpzclqipkojxodr.jpg,2.7136073
wwgnzvefvkhqgcvgzvucdwslmhqdfl.jpg,2.718242
wwibybtbnrvydizirztvgsbuulpouw.jpg,2.6478355
wzdhiyzvbjlpatadxltwukvizlkpfi.jpg,2.7174075
xaufwjptvdpofxbuefzpcbjdgurmov.jpg,2.7181635
xbuuveyzfnrozevdlhayiqncadyiof.jpg,2.5844727
xemgrytlfzpwpxlpoyklejnqclztru.jpg,2.718064
xfnuyuiibfvnhcxneinujhzmxyffdn.jpg,2.7181826
xgfrghdwyumnzdvxsuzlehyruvkita.png,2.044937
xjngjjhzpyhxmstueplojbqreasnes.jpg,2.7173438
xkdueyinwrnlyioamfbqqymynyyjow.jpg,2.7148616
xklxzfuxkxgykpuhuzzaldbdjhcydx.jpg,2.718099
xkoqrazzrpistsmscyvjarmiuwljsd.jpg,2.717729
xnyhtjljydambkxbueqmgixbainqrw.jpg,2.716029
xpivtvyweotwypnjfaenuhouijtwrj.jpg,2.7182019
xqhpwicnsoejqslgrlwvntqhqdrjjt.jpg,2.6597588
xurcoxcuznkvnyjhrqrtjfnrqqtlby.jpg,2.718146
xxirvsjxpsdmicscgrmpcczbnrtoek.jpg,2.698814
xxpzhbftdvltokjuzrdiuksfeynqlu.jpg,2.7181716
xykoojgoemrcfmvdobwvlurbpoikpq.jpg,2.7179267
xynfggwypiqaesxayyvjlqfmhsvnlo.jpg,2.717948
xzcvpmdsnwcmeooidiemxzofsvqrvo.png,2.7148905
ycdmtgjjzxhgzblmjrujqpemeqksch.jpeg,2.7177534
yegdjxoapgowmbnvlrdryvaecnynya.jpg,2.2361984
yionojckwcmjxtjevsvpmjezycmilb.jpg,2.718225
yjncarmoymzspzoiuivzecdjjxnitj.jpg,2.7182736
yklgcnlafkcgjozrkuzbebbsggluus.png,2.4084265
ykmaworjsfbglvakdrsbqhupjiqkhn.jpg,2.7182457
ykngxpgtimmeszcxyntqujxyslvkrz.jpg,2.7181995
yknhljrexjerzopcvabkfobfaznbce.jpg,2.718252
ylqsaoehrinbdgkmyqobrytabqvqad.jpg,2.7155797
yncgdbcfbdpippiqjexosicvuxetik.jpg,2.7179847
yoljgngorsosxyvpmflodycbrzlojm.jpg,2.6048448
yqhsjijloqxbrfjzbqnasiqfqyvgjq.jpg,2.6924095
ytxadvbbcvbohxmbtvnyepjzdskwli.jpg,2.7162106
yurmkbqrwlidqgbgeeszgsuzzizhtv.jpg,2.7161813
yyvvnujfgpfcpcgwdyjfthnlycslkk.jpg,2.715597
zdfiplzlfcwkyfucjdtkskjxjdeavq.jpg,2.7132745
zesbxhcglwjpplcmsfntcpummkbhfz.jpg,1.7099122
zgigmyufwdfgxuspzppusdfstysjfs.jpg,2.7181175
zhkdanqqseexvicplcyekiwjqqlhhz.jpg,2.7182555
ziseknqemrbhawedjdyxevolrwumkq.jpg,2.7031744
zjcrlegcioljqhlaowlaklxwojfpil.jpg,2.7176373
zjlngjlzjwonpqhiiztranntupvtom.jpg,2.706307
zkmcdlytdocncvgmigqhklfvjqwrni.jpg,2.6966798
zkpcokomrmpbncplmxcklnvgaabmoq.jpg,2.6737232
zndfvhigsuchffrepbzdwrlhgncmtd.jpg,2.7177029
zneawovpezfvxphxdlzgpjhllyxuss.jpg,2.7151885
zodcoeblnsvtuoftjlpquidfhnbtwc.jpg,2.7182436
zojvaryviuzftjfkmeazlzekvpdxri.jpg,2.3046863
zpfhbgixcctxylnihhrepjgcmjksvf.jpg,2.7182055
zuignwckjykxefmpubjpjefvhghaoi.jpg,2.6957796
zuxvwdblfwjpibjexgfglpyreqslhs.jpg,2.708814
zvyajojutzgqumdjfxxkpiuuxeefyy.jpg,2.6456656
zynasgxnxnzqaallnvkthegctommtu.jpg,2.4448297
